鄉鎮市區,交易標的,土地區段位置建物區段門牌,土地移轉總面積平方公尺,都市土地使用分區,非都市土地使用分區,非都市土地使用編定,交易年月日,交易筆棟數,移轉層次,總樓層數,建物型態,主要用途,主要建材,建築完成年月,建物移轉總面積平方公尺,建物現況格局-房,建物現況格局-廳,建物現況格局-衛,建物現況格局-隔間,有無管理組織,總價元,單價元平方公尺,車位類別,車位移轉總面積平方公尺,車位總價元,備註,編號
The villages and towns urban district,transaction sign,land sector position building sector house number plate,land shifting total area square meter,the use zoning or compiles and checks,the non-metropolis land use district,non-metropolis land use,transaction year month and day,transaction pen number,shifting level,total floor number,building state,main use,main building materials,construction to complete the years,building shifting total area,Building present situation pattern - room,building present situation pattern - hall,building present situation pattern - health,building present situation pattern - compartmented,Whether there is manages the organization,total price Yuan,the unit price a Yuan square meter,the berth category,berth shifting total area square meter,the berth total price Yuan,the note,serial number
文山區,房地(土地+建物)+車位,臺北市文山區政大二街215巷1~30號,71.4,住,,,1080113,土地1建物1車位1,十一層,十二層,住宅大樓(11層含以上有電梯),見其他登記事項,鋼筋混凝土造,0920609,140.09,3,2,2,有,有,15000000,107074,坡道平面,0.0,0,含增建或未登記建物。;,RPXOMLLLLHOFFAA08CA
中正區,房地(土地+建物),臺北市中正區寧波西街91~120號,28.23,住,,,1080201,土地2建物1車位0,四層,七層,華廈(10層含以下有電梯),住家用,鋼筋混凝土造,0670201,134.12,3,2,2,有,有,26900000,200567,,0.0,0,,RPPPMLMLLHOFFAA47CA
文山區,房地(土地+建物)+車位,臺北市文山區秀明路二段118巷1~30號,15.38,商,,,1080120,土地1建物1車位1,十三層,十四層,住宅大樓(11層含以上有電梯),商業用,鋼筋混凝土造,0900802,133.64000000000001,3,2,2,有,有,21900000,163873,坡道機械,21.04,0,含增建或未登記建物。;,RPVPMLMLLHOFFAA08CA
文山區,房地(土地+建物),臺北市文山區景福街61~90號,32.76,住,,,1080218,土地1建物1車位0,十四層,十四層,住宅大樓(11層含以上有電梯),見其他登記事項,鋼筋混凝土造,0880119,144.9,3,2,2,有,有,22250000,153554,,0.0,0,含增建或未登記建物。;,RPWPMLMLLHOFFAA18CA
文山區,房地(土地+建物),臺北市文山區萬安街44巷1~30號,48.0,住,,,1080226,土地3建物1車位0,二層,七層,華廈(10層含以下有電梯),見其他登記事項,鋼筋混凝土造,0720728,82.35,2,2,1,有,有,11460000,139162,,0.0,0,含增建或未登記建物。;,RPOQMLMLLHOFFAA47CA
文山區,房地(土地+建物),臺北市文山區興隆路二段203巷31~60號,21.97,住,,,1080306,土地1建物1車位0,二層,十三層,住宅大樓(11層含以上有電梯),住家用,鋼筋混凝土造,0880510,87.8,2,2,1,有,有,14800000,168565,,0.0,0,,RPPOMLRLLHOFFAA87CA
文山區,房地(土地+建物)+車位,臺北市文山區景華街181~210號,19.72,住,,,1080213,土地1建物1車位1,六層,十七層,住宅大樓(11層含以上有電梯),見其他登記事項,鋼骨鋼筋混凝土造,1050930,179.19,3,2,2,有,有,31000000,173001,坡道平面,41.98,0,,RPPNMLSLLHOFFAA87CA
文山區,房地(土地+建物),臺北市文山區興隆路四段29巷4弄1~30號,22.9,住,,,1080303,土地2建物1車位0,二層,十一層,套房(1房1廳1衛),住家用,鋼筋混凝土造,0871202,45.57,1,1,1,有,有,7650000,167874,,0.0,0,含增建或未登記建物。;,RPRNMLSLLHOFFAA08CA
文山區,房地(土地+建物)+車位,臺北市文山區辛亥路四段151~180號,37.76,住,,,1080211,土地1建物1車位1,七層,九層,華廈(10層含以下有電梯),住家用,鋼筋混凝土造,0981116,207.12,4,2,2,有,有,35550000,171640,坡道平面,34.58,0,,RPSPMLLJMHOFFAA57CA
萬華區,房地(土地+建物)+車位,臺北市萬華區環河南路一段91~120號,49.37,住,,,1080306,土地1建物1車位2,七層,二十三層,住宅大樓(11層含以上有電梯),住家用,鋼骨鋼筋混凝土造,1031107,350.09000000000003,4,2,3,有,有,51000000,145677,坡道平面,0.0,0,,RPSOMLLLLHOFFBA67CA
萬華區,房地(土地+建物),臺北市萬華區漢口街二段90巷8弄1~30號,64.0,商,,,1080104,土地1建物1車位0,一層，二層，三層,三層,店面(店鋪),,加強磚造,,155.94,3,2,3,有,無,36180000,232012,,0.0,0,,RPPNMLMLLHOFFBA37CA
萬華區,建物,臺北市萬華區西寧南路241~270號,0.0,,,,1080305,土地0建物1車位0,全,二層,透天厝,住商用,磚造,,106.14,6,1,3,有,無,12000000,113058,,0.0,0,土地向國有財產署承租,RPPPMLQLLHOFFBA97CA
萬華區,房地(土地+建物),臺北市萬華區開封街二段1~30號,9.6,商,,,1080226,土地1建物1車位0,六層,十四層,住宅大樓(11層含以上有電梯),住家用,鋼筋混凝土造,0970227,105.65,2,2,1,有,有,22200000,210128,,0.0,0,,RPRPMLQLLHOFFBA18CA
萬華區,土地,萬華段一小段121~150地號,3.0,商,,,1080218,土地1建物0車位0,,,其他,,,,0.0,0,0,0,有,無,1800000,600000,,0.0,0,,RPRNMLKMLHOFFBA47CA
大同區,房地(土地+建物)+車位,臺北市大同區雙連街61~90號,10.82,住,,,1061015,土地1建物1車位1,十層,十五層,住宅大樓(11層含以上有電梯),住家用,鋼筋混凝土造,1060726,126.17,2,1,1,有,無,26800000,265692,坡道平面,35.84,2800000,,RPRRMLMJMHOFFBA87CA
大同區,房地(土地+建物)+車位,臺北市大同區雙連街61~90號,25.05,住,,,1061011,土地1建物1車位2,七層,十五層,住宅大樓(11層含以上有電梯),住家用,鋼筋混凝土造,1060726,269.93,4,2,2,有,無,56330000,253871,坡道平面,71.68,6000000,,RPSRMLMJMHOFFBA97CA
大同區,房地(土地+建物)+車位,臺北市大同區雙連街61~90號,10.82,住,,,1070113,土地1建物1車位1,九層,十五層,住宅大樓(11層含以上有電梯),住家用,鋼筋混凝土造,1060726,126.17,2,1,1,有,無,26800000,263478,坡道平面,35.84,3000000,,RPTRMLMJMHOFFBA08CA
大同區,房地(土地+建物)+車位,臺北市大同區雙連街61~90號,10.82,住,,,1061015,土地1建物1車位1,九層,十五層,住宅大樓(11層含以上有電梯),住家用,鋼筋混凝土造,1060726,126.17,2,1,1,有,無,26500000,262371,坡道平面,35.84,2800000,,RPURMLMJMHOFFBA18CA
大同區,房地(土地+建物)+車位,臺北市大同區雙連街61~90號,10.82,住,,,1061015,土地1建物1車位1,十層,十五層,住宅大樓(11層含以上有電梯),住家用,鋼筋混凝土造,1060726,126.17,2,1,1,有,無,26800000,265692,坡道平面,35.84,2800000,,RPVRMLMJMHOFFBA28CA
大同區,房地(土地+建物)+車位,臺北市大同區雙連街61~90號,10.53,住,,,1061209,土地1建物1車位1,十一層,十五層,住宅大樓(11層含以上有電梯),住家用,鋼筋混凝土造,1060726,126.02,2,1,1,有,無,27480000,267051,坡道平面,35.85,3400000,,RPWRMLMJMHOFFBA38CA
大同區,房地(土地+建物)+車位,臺北市大同區雙連街61~90號,10.82,住,,,1061122,土地1建物1車位1,八層,十五層,住宅大樓(11層含以上有電梯),住家用,鋼筋混凝土造,1060726,126.17,2,1,1,有,無,25770000,257611,坡道平面,35.84,2500000,,RPXRMLMJMHOFFBA48CA
大同區,房地(土地+建物)+車位,臺北市大同區雙連街61~90號,21.92,住,,,1061113,土地1建物1車位1,四層,十五層,住宅大樓(11層含以上有電梯),住家用,鋼筋混凝土造,1060726,226.96,4,2,2,有,無,49500000,243303,坡道平面,35.84,3000000,,RPOSMLMJMHOFFBA67CA
大同區,房地(土地+建物)+車位,臺北市大同區雙連街61~90號,10.82,住,,,1061025,土地1建物1車位1,五層,十五層,住宅大樓(11層含以上有電梯),住家用,鋼筋混凝土造,1060726,126.17,2,1,1,有,無,25000000,243551,坡道平面,35.84,3000000,,RPPSMLMJMHOFFBA77CA
大同區,房地(土地+建物)+車位,臺北市大同區雙連街61~90號,24.2,住,,,1061103,土地1建物1車位2,六層,十五層,住宅大樓(11層含以上有電梯),住家用,鋼筋混凝土造,1060726,262.81,4,2,2,有,無,53780000,249987,坡道平面,71.68,6000000,,RPQSMLMJMHOFFBA87CA
大同區,房地(土地+建物)+車位,臺北市大同區雙連街61~90號,24.2,住,,,1070929,土地1建物1車位2,十一層,十五層,住宅大樓(11層含以上有電梯),住家用,鋼筋混凝土造,1060726,262.8,4,2,2,有,無,56980000,268836,坡道平面,71.68,5600000,,RPRSMLMJMHOFFBA97CA
大同區,房地(土地+建物)+車位,臺北市大同區雙連街61~90號,15.66,住,,,1061028,土地1建物1車位1,十二層,十五層,住宅大樓(11層含以上有電梯),住家用,鋼筋混凝土造,1060726,166.25,3,2,2,有,無,38260000,272678,坡道平面,35.84,2700000,,RPSSMLMJMHOFFBA08CA
大同區,房地(土地+建物)+車位,臺北市大同區雙連街61~90號,22.78,住,,,1070810,土地1建物1車位1,六層,十五層,住宅大樓(11層含以上有電梯),住家用,鋼筋混凝土造,1060726,234.09,4,2,2,有,無,52680000,250593,坡道平面,35.84,3000000,,RPUSMLMJMHOFFBA28CA
大同區,房地(土地+建物)+車位,臺北市大同區雙連街61~90號,23.91,住,,,1070606,土地1建物1車位2,十五層,十五層,住宅大樓(11層含以上有電梯),住家用,鋼筋混凝土造,1060726,259.22,4,2,2,有,無,60000000,282621,坡道平面,71.69,7000000,,RPVSMLMJMHOFFBA38CA
大同區,房地(土地+建物)+車位,臺北市大同區雙連街61~90號,18.79,住,,,1061010,土地1建物1車位2,四層,十五層,住宅大樓(11層含以上有電梯),住家用,鋼筋混凝土造,1060726,210.54000000000002,3,2,2,有,無,40000000,246309,坡道平面,71.69,5800000,,RPXSMLMJMHOFFBA58CA
大同區,房地(土地+建物)+車位,臺北市大同區雙連街61~90號,15.94,住,,,1061009,土地1建物1車位1,四層,十五層,住宅大樓(11層含以上有電梯),住家用,鋼筋混凝土造,1060726,168.45999999999998,3,2,2,有,無,37500000,260142,坡道平面,35.84,3000000,,RPOTMLMJMHOFFBA77CA
大同區,房地(土地+建物)+車位,臺北市大同區雙連街61~90號,10.82,住,,,1061229,土地1建物1車位1,三層,十五層,住宅大樓(11層含以上有電梯),住家用,鋼筋混凝土造,1060726,126.18,2,1,1,有,無,25000000,241337,坡道平面,35.85,3200000,,RPPTMLMJMHOFFBA87CA
萬華區,土地,龍山段二小段241~270地號,2.19,商,,,1080305,土地2建物0車位0,,,其他,,,,0.0,0,0,0,有,無,1300000,593607,,0.0,0,親友、員工或其他特殊關係間之交易。;,RPVNMLSJMHOFFBA48CA
內湖區,房地(土地+建物),臺北市內湖區東湖路113巷95弄61~90號,24.24,住,,,1080124,土地1建物1車位0,一層,五層,公寓(5樓含以下無電梯),住家用,鋼筋混凝土造,0730105,97.49,3,2,2,有,無,12000000,123090,,0.0,0,含增建或未登記建物。;,RPRQMLLLLHOFFCA87CA
內湖區,房地(土地+建物)+車位,臺北市內湖區內湖路二段263巷9弄1~30號,12.28,商,,,1071123,土地1建物1車位1,七層,九層,華廈(10層含以下有電梯),住家用,鋼筋混凝土造,0840517,133.17000000000002,3,2,1,有,有,15100000,113389,升降平面,0.0,0,含增建或未登記建物。;,RPTQMLLLLHOFFCA08CA
內湖區,房地(土地+建物),臺北市內湖區康寧路一段156巷20弄1~30號,23.85,住,,,1080219,土地2建物1車位0,四層,四層,公寓(5樓含以下無電梯),住家用,鋼筋混凝土造,0670323,61.68,2,2,1,有,無,9500000,154021,,0.0,0,含增建或未登記建物。;,RPWQMLLLLHOFFCA38CA
內湖區,房地(土地+建物)+車位,臺北市內湖區文湖街21巷92弄1~30號,78.57,住,,,1080219,土地1建物1車位1,四層，五層,九層,華廈(10層含以下有電梯),住家用,鋼筋混凝土造,0830326,345.97,5,2,4,有,有,38600000,111570,坡道平面,0.0,0,含增建或未登記建物。;,RPVNMLMLLHOFFCA08CA
內湖區,房地(土地+建物)+車位,臺北市內湖區文德路210巷30弄1~30號,8.31,商,,,1080214,土地1建物1車位1,十層,十二層,住宅大樓(11層含以上有電梯),住家用,鋼筋混凝土造,0990324,84.07,2,1,1,有,有,14500000,172475,坡道機械,20.67,0,內含獨立產權車位，未包含在棟數內。,RPQOMLMLLHOFFCA67CA
內湖區,房地(土地+建物),臺北市內湖區文德路66巷14弄1~30號,15.2,住,,,1080122,土地1建物1車位0,三層,七層,套房(1房1廳1衛),住家用,鋼筋混凝土造,1060315,62.04,1,1,1,有,有,15200000,245003,,0.0,0,,RPPPMLMLLHOFFCA67CA
內湖區,房地(土地+建物)+車位,臺北市內湖區星雲街151~180號,21.94,住,,,1080127,土地1建物1車位1,十一層,十六層,住宅大樓(11層含以上有電梯),住家用,鋼筋混凝土造,0841023,131.47,2,2,2,有,有,20000000,152126,坡道平面,0.0,0,含增建或未登記建物。;,RPQPMLMLLHOFFCA77CA
內湖區,房地(土地+建物)+車位,臺北市內湖區金湖路61~90號,13.7,商,,,1080303,土地1建物1車位1,十二層,二十四層,住宅大樓(11層含以上有電梯),住家用,鋼筋混凝土造,0961030,159.65,3,2,2,有,有,33500000,209834,坡道平面,34.12,0,,RPTQMLMLLHOFFCA18CA
內湖區,房地(土地+建物)+車位,臺北市內湖區民權東路六段280巷69弄31~60號,59.99,住,,,1080219,土地2建物1車位2,一層,十層,華廈(10層含以下有電梯),住家用,鋼筋混凝土造,0960125,216.82,3,2,2,有,有,32000000,147588,坡道平面,0.0,0,含增建或未登記建物。;,RPUNMLPLLHOFFCA28CA
中山區,房地(土地+建物),臺北市中山區錦州街331~360號,17.75,住,,,1080220,土地1建物1車位0,二層,七層,華廈(10層含以下有電梯),住家用,鋼筋混凝土造,0790307,99.93,3,2,2,有,無,7380000,73852,,0.0,0,親友、員工或其他特殊關係間之交易。;二親等間的買賣。權利人有3人。,RPQNMLQLLHOFFCA97CA
中山區,房地(土地+建物),臺北市中山區林森北路91~120號,3.85,商,,,1080225,土地2建物1車位0,三層,十二層,套房(1房1廳1衛),商業用,鋼筋混凝土造,0700422,46.230000000000004,0,0,0,無,有,6300000,136275,,0.0,0,,RPTOMLQLLHOFFCA38CA
中山區,土地,榮星段五小段121~150地號,0.15,其他,,,1080220,土地3建物0車位0,,,其他,,,,0.0,0,0,0,有,無,14167,0,,0.0,0,親友、員工或其他特殊關係間之交易。;包含公共設施保留地之交易。;,RPQPMLRLLHOFFCA28CA
中山區,土地,北安段二小段151~180地號,0.15,其他,,,1080220,土地1建物0車位0,,,其他,,,,0.0,0,0,0,有,無,11630,0,,0.0,0,親友、員工或其他特殊關係間之交易。;包含公共設施保留地之交易。;,RPRPMLRLLHOFFCA38CA
中山區,車位,臺北市中山區長春路163巷1~30號,3.25,商,,,1080306,土地0建物0車位1,地下四層,十二層,其他,見使用執照,鋼筋混凝土造,0831014,36.36,0,0,0,有,有,1500000,,坡道機械,36.36,1500000,單獨車位交易。;,RPQPMLSLLHOFFCA38CA
內湖區,房地(土地+建物)+車位,臺北市內湖區民權東路六段181~210號,45.01,住,,,1080217,土地1建物1車位1,二層,五層,華廈(10層含以下有電梯),見其他登記事項,鋼筋混凝土造,1051221,134.07999999999998,2,2,1,有,有,26380000,196748,坡道平面,32.89,0,含增建或未登記建物。;,RPVNMLSJMHOFFCA58CA
中山區,土地,長安段四小段1~30地號,29.11,商,,,1080214,土地2建物0車位0,,,其他,,,,0.0,0,0,0,有,無,8964648,307958,,0.0,0,建商與地主合建案。;,RPSOMLSJMHOFFCA38CA
中山區,土地,長安段四小段1~30地號,7.68,商,,,1080128,土地2建物0車位0,,,其他,,,,0.0,0,0,0,有,無,2343132,305095,,0.0,0,建商與地主合建案。;,RPRQMLSJMHOFFCA48CA
中山區,土地,長安段四小段1~30地號,4.83,商,,,1080128,土地2建物0車位0,,,其他,,,,0.0,0,0,0,有,無,1473516,305076,,0.0,0,建商與地主合建案。;,RPSQMLSJMHOFFCA58CA
中山區,土地,長安段四小段1~30地號,17.15,商,,,1080128,土地2建物0車位0,,,其他,,,,0.0,0,0,0,有,無,5229774,304943,,0.0,0,建商與地主合建案。;,RPUQMLSJMHOFFCA78CA
中山區,房地(土地+建物)+車位,臺北市中山區樂群三路271~300號,27.0,其他,,,1071212,土地1建物1車位1,九層,十層,辦公商業大樓,商業用,鋼筋混凝土造,0981126,127.94999999999999,3,1,1,有,有,34000000,265729,坡道機械,19.24,0,親友、員工或其他特殊關係間之交易。;,RPQOMLMKMHOFFCA67CA
內湖區,房地(土地+建物)+車位,臺北市內湖區文湖街21巷91弄1~30號,22.63,住,,,1080130,土地1建物1車位1,八層,十層,華廈(10層含以下有電梯),住家用,鋼筋混凝土造,1070105,105.46000000000001,0,0,0,無,有,23527000,223089,其他,0.0,0,,RPSSMLMKMHOFFCA28CA
內湖區,房地(土地+建物)+車位,臺北市內湖區文湖街21巷91弄1~30號,22.6,住,,,1080130,土地1建物1車位1,八層,十層,華廈(10層含以下有電梯),住家用,鋼筋混凝土造,1070105,105.35,0,0,0,無,有,23505000,223113,其他,0.0,0,,RPTSMLMKMHOFFCA38CA
南港區,房地(土地+建物),臺北市南港區經園街61~90號,20.55,住,,,1080310,土地1建物1車位0,二層,十層,華廈(10層含以下有電梯),住家用,鋼筋混凝土造,0970304,82.64,2,2,1,有,有,14700000,177880,,0.0,0,,RPPOMLLLLHOFFDA57CA
南港區,房地(土地+建物)+車位,臺北市南港區忠孝東路七段511~540號,36.54,商,,,1080315,土地1建物1車位1,六層,十層,辦公商業大樓,見其他登記事項,鋼筋混凝土造,1040409,214.82,0,0,0,無,有,30000000,139652,坡道平面,39.09,0,,RPROMLLLLHOFFDA77CA
南港區,房地(土地+建物),臺北市南港區松河街481~510號,39.94,住,,,1080213,土地1建物1車位0,七層,九層,華廈(10層含以下有電梯),住家用,鋼筋混凝土造,0940919,119.03,3,2,2,有,有,19280000,161976,,0.0,0,含增建或未登記建物。;,RPVOMLLLLHOFFDA18CA
南港區,土地,玉成段三小段361~390地號,1.84,工,,,1080312,土地1建物0車位0,,,其他,,,,0.0,0,0,0,有,無,448000,243478,,0.0,0,,RPWOMLLLLHOFFDA28CA
南港區,房地(土地+建物),臺北市南港區玉成街59巷1~30號,34.81,工,,,1080312,土地2建物1車位0,全,一層,透天厝,住家用,磚造,030,6.61,1,1,1,有,無,8424000,1274433,,0.0,0,,RPXOMLLLLHOFFDA38CA
松山區,房地(土地+建物),臺北市松山區延壽街330巷7弄1~30號,25.14,住,,,1080301,土地1建物1車位0,三層,七層,華廈(10層含以下有電梯),見其他登記事項,鋼筋混凝土造,0810309,118.41,3,2,2,有,有,23500000,198463,,0.0,0,含增建或未登記建物。;,RPQNMLMLLHOFFDA67CA
信義區,房地(土地+建物),臺北市信義區基隆路一段421~450號,4.35,商,,,1080313,土地2建物1車位0,五層,十五層,辦公商業大樓,商業用,鋼筋混凝土造,,47.5,0,0,0,無,有,8880000,186947,,0.0,0,,RPPNMLOLLHOFFDA77CA
南港區,車位,臺北市南港區忠孝東路六段1至1~30號,0.0,,,,1080313,土地0建物0車位1,地下層,七層,其他,見使用執照,鋼筋混凝土造,,40.78,0,0,0,有,無,2300000,,坡道平面,40.77,2300000,單獨車位交易。;,RPXNMLPLLHOFFDA68CA
信義區,房地(土地+建物),臺北市信義區光復南路421~450號,10.49,商,,,1071231,土地1建物1車位0,九層,十二層,住宅大樓(11層含以上有電梯),住家用,鋼筋混凝土造,,123.95,3,2,2,有,有,10000000,80678,,0.0,0,親友、員工或其他特殊關係間之交易。;,RPPOMLPLLHOFFDA97CA
南港區,房地(土地+建物),臺北市南港區東新街118巷31~60號,18.34,住,,,1080220,土地3建物1車位0,七層,十一層,住宅大樓(11層含以上有電梯),住家用,鋼筋混凝土造,1010314,89.38,3,2,2,有,有,20880000,233609,,0.0,0,含增建或未登記建物。;,RPXOMLMLLHOFFDA48CA
信義區,房地(土地+建物),臺北市信義區光復南路541~570號,16.59,商,,,1080220,土地1建物1車位0,一層，騎樓,十二層,住宅大樓(11層含以上有電梯),商業用,鋼筋混凝土造,0771115,136.7,0,0,0,無,有,40800000,298464,,0.0,0,,RPOOMLQLLHOFFDA97CA
南港區,房地(土地+建物),臺北市南港區玉成街181巷1~30號,30.95,住,,,1080123,土地2建物1車位0,四層,五層,公寓(5樓含以下無電梯),住家用,鋼筋混凝土造,,104.33000000000001,3,1,1,有,無,9600000,92016,,0.0,0,親友、員工或其他特殊關係間之交易。;,RPVNMLRLLHOFFDA68CA
信義區,房地(土地+建物),臺北市信義區永吉路225巷1~30號,27.44,住,,,1080223,土地1建物1車位0,七層,十四層,住宅大樓(11層含以上有電梯),見其他登記事項,鋼筋混凝土造,1070109,206.06,4,2,2,有,有,48250000,234155,,0.0,0,,RPSNMLNJMHOFFDA87CA
信義區,車位,臺北市信義區永吉路225巷1~30號,1.76,住,,,1080223,土地0建物0車位1,一層,十四層,其他,見其他登記事項,鋼筋混凝土造,1070109,35.32,0,0,0,有,有,2750000,,坡道平面,0.0,2750000,,RPTNMLNJMHOFFDA97CA
信義區,土地,祥和段二小段511~540地號,13.5,其他,,,1080226,土地1建物0車位0,,,其他,,,,0.0,0,0,0,有,無,451440,33440,,0.0,0,包含公共設施保留地之交易。;,RPUNMLTJMHOFFDA68CA
南港區,車位,臺北市南港區重陽路190巷6弄1~30號,16.8,工,,,1080309,土地0建物0車位1,地下層,七層,其他,見使用執照,鋼筋混凝土造,0790420,52.76,0,0,0,有,有,1100000,,坡道平面,0.0,1100000,,RPRPMLKKMHOFFDA77CA
北投區,房地(土地+建物),臺北市北投區大業路452巷1~30號,20.08,住,,,1080130,土地2建物1車位0,七層，電梯樓梯間,十六層,住宅大樓(11層含以上有電梯),住家用,鋼筋混凝土造,0850613,115.36,3,2,2,有,有,20250000,175537,,0.0,0,含增建或未登記建物。;,RPSQMLLLLHOFFEA18CA
士林區,土地,溪山段二小段571~600地號,3603.47,其他,,,1080129,土地7建物0車位0,,,其他,,,,0.0,0,0,0,有,無,21800000,6050,,0.0,0,,RPTQMLLLLHOFFEA28CA
士林區,房地(土地+建物),臺北市士林區士東路266巷5弄1~30號,28.21,住,,,1080126,土地4建物1車位0,五層,五層,公寓(5樓含以下無電梯),住家用,鋼筋混凝土造,0700626,128.37,3,2,2,有,無,16680000,129937,,0.0,0,含增建或未登記建物。;,RPUQMLLLLHOFFEA38CA
北投區,房地(土地+建物),臺北市北投區中央北路一段121~150號,17.0,商,,,1080305,土地2建物1車位0,全,二層,透天厝,見其他登記事項,加強磚造,0601101,31.18,6,2,3,有,無,6000000,192431,,0.0,0,親友、員工或其他特殊關係間之交易。;含增建或未登記建物。;一樓店舖,RPRNMLMLLHOFFEA87CA
士林區,房地(土地+建物),臺北市士林區中山北路七段14巷1~30號,25.27,商,,,1080304,土地1建物1車位0,二層,七層,華廈(10層含以下有電梯),住家用,鋼筋混凝土造,0681231,138.89,3,2,2,有,有,22000000,158399,,0.0,0,含增建或未登記建物。;,RPTNMLMLLHOFFEA08CA
士林區,房地(土地+建物),臺北市士林區中山北路七段190巷18弄1~30號,68.56,住,,,1080213,土地2建物1車位0,三層,四層,公寓(5樓含以下無電梯),住家用,鋼筋混凝土造,0601215,158.2,4,2,2,有,無,16680000,105436,,0.0,0,含增建或未登記建物。;,RPOOMLMLLHOFFEA67CA
北投區,房地(土地+建物)+車位,臺北市北投區三合街一段82巷91~120號,27.21,住,,,1080211,土地1建物1車位1,七層,九層,華廈(10層含以下有電梯),住家用,鋼筋混凝土造,1050804,160.78,2,2,2,有,有,28550000,197718,坡道機械,21.44,1000000,,RPPOMLMLLHOFFEA77CA
北投區,車位,臺北市北投區泉源路31~60號,3.61,住,,,1080201,土地0建物0車位2,一層,十九層,其他,見其他登記事項,鋼筋混凝土造,1050315,61.690000000000005,0,0,0,有,有,4000000,,坡道平面,61.64,4000000,,RPQOMLMLLHOFFEA87CA
北投區,房地(土地+建物),臺北市北投區泉源路31~60號,43.87,住,,,1080201,土地1建物1車位0,八層,十九層,住宅大樓(11層含以上有電梯),住家用,鋼筋混凝土造,1050315,265.08,0,0,0,無,有,41800000,157688,,0.0,0,,SPQOMLMLLHOFFEA97CA
北投區,車位,臺北市北投區泉源路31~60號,5.42,住,,,1080212,土地0建物0車位3,一層,十九層,其他,見其他登記事項,鋼筋混凝土造,1050315,92.53,0,0,0,有,有,6000000,,坡道平面,92.43,6000000,,RPROMLMLLHOFFEA97CA
北投區,房地(土地+建物),臺北市北投區泉源路31~60號,46.79,住,,,1080212,土地1建物1車位0,四層,十九層,住宅大樓(11層含以上有電梯),住家用,鋼筋混凝土造,1050315,282.82,2,2,2,有,有,50000000,176791,,0.0,0,,SPROMLMLLHOFFEA08CA
北投區,房地(土地+建物)+車位,臺北市北投區榮華一路1~30號,72.67,住,,,1080219,土地1建物1車位3,四層,十層,華廈(10層含以下有電梯),住家用,鋼筋混凝土造,0901212,448.89,4,2,4,有,有,60000000,133663,坡道平面,0.0,0,親友、員工或其他特殊關係間之交易。;,RPQNMLQLLHOFFEA18CA
北投區,房地(土地+建物),臺北市北投區知行路316巷22弄1~30號,21.73,住,,,1080213,土地2建物1車位0,五層,五層,公寓(5樓含以下無電梯),住家用,鋼筋混凝土造,0731127,84.04,2,2,1,有,無,7700000,91623,,0.0,0,含增建或未登記建物。;,RPVOMLQLLHOFFEA78CA
北投區,房地(土地+建物)+車位,臺北市北投區知行路214巷31~60號,60.26,住,,,1080219,土地1建物1車位2,四層,十一層,住宅大樓(11層含以上有電梯),住家用,鋼筋混凝土造,1000919,352.43,4,2,3,有,有,47000000,148051,坡道平面,61.98,4000000,,RPRPMLRLLHOFFEA58CA
士林區,房地(土地+建物),臺北市士林區延平北路五段301~330號,63.49,商,,,1080123,土地2建物1車位0,三層,七層,華廈(10層含以下有電梯),商業用,鋼筋混凝土造,0761223,274.37,5,3,1,有,有,28000000,102052,,0.0,0,,RPSNMLKKMHOFFEA77CA
士林區,房地(土地+建物)+車位,臺北市士林區忠勇街40巷4弄1~30號,107.01,住,,,1080212,土地2建物1車位2,七層,八層,華廈(10層含以下有電梯),住家用,鋼筋混凝土造,0930624,398.11,5,3,2,有,無,69500000,174575,坡道機械,0.0,0,,RPTNMLMKMHOFFEA08CA
士林區,房地(土地+建物)+車位,臺北市士林區福華路1~30號,18.12,住,,,1070625,土地1建物1車位1,六層,九層,華廈(10層含以下有電梯),住家用,鋼筋混凝土造,1070709,154.97,3,2,2,有,有,30800000,244090,升降平面,37.8,2200000,本買賣為都市更新案件預售戶，地政士僅受託買賣案件申請登記，並未代理撰擬不動產買賣契約書，本成交資訊係由客戶自行提供屬實。,RPVQMLQKMHOFFEA98CA
士林區,房地(土地+建物)+車位,臺北市士林區福華路1~30號,17.63,住,,,1080119,土地1建物1車位1,七層,九層,華廈(10層含以下有電梯),住家用,鋼筋混凝土造,1070709,151.73000000000002,3,2,2,有,有,30600000,246643,升降平面,37.8,2500000,權利人有二人。本買賣為都市更新案件預售戶，地政士僅受託買賣案件申請登記，並未代理撰擬不動產買賣契約書，本成交資訊係由客戶自行提供屬實。,RPXQMLQKMHOFFEA56CA
北投區,房地(土地+建物)+車位,臺北市北投區福美路181~210號,48.63,其他,,,1080221,土地1建物1車位1,十層,十層,華廈(10層含以下有電梯),見其他登記事項,鋼筋混凝土造,1061116,189.64999999999998,4,2,2,有,有,10050000,52992,坡道平面,43.62,0,親友、員工或其他特殊關係間之交易。;,RPPOMLRKMHOFFEA28CA
大安區,房地(土地+建物),臺北市大安區臥龍街151巷61~90號,20.56,住,,,1080225,土地1建物1車位0,五層,七層,華廈(10層含以下有電梯),住家用,鋼筋混凝土造,0710608,109.0,3,2,2,有,有,17500000,160550,,0.0,0,,RPSNMLOLLHOFFFA28CA
大安區,房地(土地+建物),臺北市大安區和平東路三段406巷1~30號,6.64,住,,,1080306,土地1建物1車位0,三層,六層,華廈(10層含以下有電梯),商業用,鋼筋混凝土造,0841220,34.24,1,0,1,有,有,5000000,146028,,0.0,0,,RPPNMLPLLHOFFFA08CA
大安區,房地(土地+建物),臺北市大安區光復南路661~690號,3.81,商,,,1080124,土地3建物1車位0,十二層,十四層,套房(1房1廳1衛),住家用,鋼筋混凝土造,1060515,45.6,1,1,1,有,有,13580000,297807,,0.0,0,,RPXNMLLLLHOFFFA48CA
大安區,土地,金華段三小段421~450地號,0.05,其他,,,1080220,土地2建物0車位0,,,其他,,,,0.0,0,0,0,有,無,4428,0,,0.0,0,親友、員工或其他特殊關係間之交易。;包含公共設施保留地之交易。;,RPWNMLRLLHOFFFA98CA
大安區,房地(土地+建物)+車位,臺北市大安區光復南路691~720號,10.05,商,,,1080313,土地2建物1車位1,十一層,十四層,住宅大樓(11層含以上有電梯),住家用,鋼筋混凝土造,1011120,113.76,2,2,1,有,有,31410000,270805,塔式車位,4.05,1700000,,RPUNMLTJMHOFFFA88CA
大安區,車位,臺北市大安區信義路二段198巷1~30號,1.8,商,,,1080129,土地0建物0車位3,,,其他,,,,108.37,0,0,0,有,有,10500000,,坡道平面,108.37,10500000,,RPROMLTJMHOFFFA68CA
大安區,房地(土地+建物),臺北市大安區信義路二段181~210號,26.5,商,,,1080129,土地2建物1車位0,十三層,二十層,住宅大樓(11層含以上有電梯),住家用,見其他登記事項,1070305,366.14,0,0,0,無,有,177200000,483968,,0.0,0,,RPRNMLKKMHOFFFA77CA
大安區,房地(土地+建物),臺北市大安區羅斯福路三段331~360號,8.58,商,,,1080307,土地1建物1車位0,十二層,十二層,住宅大樓(11層含以上有電梯),見使用執照,鋼筋混凝土造,0770601,111.03999999999999,3,2,1,有,有,25000000,225144,,0.0,0,,RPSNMLKKMHOFFFA87CA
文山區,房地(土地+建物)+車位,臺北市文山區興隆路二段203巷121~150號,24.12,住,,,1080217,土地3建物1車位1,六層,十一層,住宅大樓(11層含以上有電梯),住家用,鋼筋混凝土造,1030605,136.32,2,2,1,有,有,16880000,164053,坡道機械,41.96,1400000,含增建或未登記建物。,RPUNMLMKMHOFFAA87DA
萬華區,房地(土地+建物),臺北市萬華區內江街31~60號,3.02,商,,,1080227,土地3建物1車位0,九層,九層,套房(1房1廳1衛),住家用,鋼筋混凝土造,0700814,22.32,1,0,1,有,有,3080000,137993,,0.0,0,含增建或未登記建物。,RPROMLTLLHOFFBA48DA
萬華區,房地(土地+建物),臺北市萬華區貴陽街二段31~60號,9.46,商,,,1080225,土地1建物1車位0,十二層,十九層,住宅大樓(11層含以上有電梯),見其他登記事項,鋼筋混凝土造,1061127,121.55,3,2,2,有,有,24000000,197450,,0.0,0,,RPXNMLSJMHOFFBA78DA
內湖區,房地(土地+建物),臺北市內湖區成功路四段214巷3弄1~30號,27.2,住,,,1080126,土地1建物1車位0,一層,五層,公寓(5樓含以下無電梯),住家用,鋼筋混凝土造,0740712,92.61,2,2,2,有,有,17100000,184645,,0.0,0,含增建或未登記建物。,RPVRMLLLLHOFFCA48DA
中山區,房地(土地+建物)+車位,臺北市中山區復興北路1~30號,25.51,商,,,1080119,土地2建物1車位3,六層,十四層,住宅大樓(11層含以上有電梯),住家用,見其他登記事項,1000616,383.41999999999996,4,2,2,有,有,91600000,279629,坡道平面,86.24,8500000,總價含車位分拆土地交易價格8500萬；建物交易價格660萬。坡平車位一個，分拆土地交易價格325萬；建物交易價格25萬。坡機車位二個，分拆土地交易價格各230萬；建物交易價格各20萬。,RPUNMLMLLHOFFCA08DA
大同區,房地(土地+建物),臺北市大同區伊寧街31~60號,15.09,住,,,1080224,土地6建物1車位0,五層,五層,公寓(5樓含以下無電梯),住家用,鋼筋混凝土造,,46.25,2,2,1,有,無,6210000,134270,,0.0,0,含增建或未登記建物。,RPQRMLPLLHOFFBA28DA
內湖區,房地(土地+建物),臺北市內湖區成功路四段30巷28弄1~30號,15.51,商,,,1080226,土地1建物1車位0,十層,十三層,住宅大樓(11層含以上有電梯),住家用,鋼筋混凝土造,0840211,117.22999999999999,3,2,2,有,有,24460000,208650,,0.0,0,,RPVPMLPLLHOFFCA68DA
中山區,房地(土地+建物),臺北市中山區長安東路二段31~60號,22.57,商,,,1080219,土地1建物1車位0,二層,七層,華廈(10層含以下有電梯),商業用,鋼筋混凝土造,0731121,109.76,2,1,2,有,有,17000000,154883,,0.0,0,,RPVOMLQLLHOFFCA68DA
內湖區,房地(土地+建物),臺北市內湖區內湖路三段60巷12弄61~90號,18.2,住,,,1080129,土地1建物1車位0,四層,四層,公寓(5樓含以下無電梯),住家用,鋼筋混凝土造,0670913,45.88,2,1,1,有,無,6950000,151482,,0.0,0,含增建或未登記建物。,RPPQMLQLLHOFFCA28DA
中山區,房地(土地+建物),臺北市中山區雙城街46巷1~30號,6.07,商,,,1080219,土地1建物1車位0,五層,六層,套房(1房1廳1衛),商業用,鋼筋混凝土造,0700915,33.57,1,0,1,有,有,4880000,145368,,0.0,0,含增建或未登記建物。,RPWQMLQLLHOFFCA98DA
內湖區,房地(土地+建物)+車位,臺北市內湖區舊宗路一段30巷1~30號,34.74,商,,,1080110,土地1建物1車位1,四層,十三層,辦公商業大樓,商業用,鋼筋混凝土造,0960622,171.51999999999998,3,2,2,有,有,28280000,191331,坡道平面,36.78,2500000,含增建或未登記建物。,RPQNMLKMLHOFFCA57DA
松山區,房地(土地+建物),臺北市松山區敦化北路244巷1~30號,25.81,住,,,1080109,土地1建物1車位0,五層,七層,華廈(10層含以下有電梯),住家用,鋼筋混凝土造,0690915,137.20000000000002,4,2,2,有,有,31330000,228353,,0.0,0,,RPPOMLQLLHOFFDA18DA
士林區,房地(土地+建物),臺北市士林區社中街271~300號,15.89,住,,,1080213,土地1建物1車位0,七層,九層,華廈(10層含以下有電梯),住家用,鋼筋混凝土造,0980213,60.97,2,0,1,有,有,8500000,139413,,0.0,0,含增建或未登記建物。,RPWPMLPLLHOFFEA98DA
北投區,房地(土地+建物),臺北市北投區文化三路31~60號,31.71,住,,,1080122,土地1建物1車位0,五層,七層,華廈(10層含以下有電梯),住家用,鋼筋混凝土造,0741127,117.31,3,2,2,有,有,13500000,115080,,0.0,0,含增建或未登記建物。,RPVPMLQLLHOFFEA98DA
松山區,房地(土地+建物),臺北市松山區新中街8巷1~30號,33.5,住,,,1080111,土地1建物1車位0,四層，陽台,四層,公寓(5樓含以下無電梯),住家用,鋼筋混凝土造,,99.73,3,2,1,有,無,12000000,120325,,0.0,0,親友、員工或其他特殊關係間之交易。;,RPPNMLTKMHOFFDA38DA
士林區,車位,臺北市士林區承德路四段121~150號,4.58,工,,,1080214,土地0建物0車位1,地下三層,十二層,其他,停車空間,鋼筋混凝土造,0901123,56.75,0,0,0,有,有,2900000,,坡道平面,56.75,2900000,,RPPNMLPLLHOFFEA08DA
士林區,房地(土地+建物),臺北市士林區磺溪街21巷1~30號,44.33,住,,,1080108,土地1建物1車位0,三層,五層,公寓(5樓含以下無電梯),住家用,鋼筋混凝土造,0780213,125.78999999999999,3,2,2,有,無,22000000,174895,,0.0,0,含增建或未登記建物。,RPUPMLPLLHOFFEA78DA
士林區,房地(土地+建物),臺北市士林區福國路15巷1~30號,24.75,住,,,1080223,土地1建物1車位0,四層,四層,公寓(5樓含以下無電梯),住家用,鋼筋混凝土造,0621228,74.64,3,2,1,有,無,13100000,175509,,0.0,0,含增建或未登記建物。,RPXPMLPLLHOFFEA09DA
北投區,房地(土地+建物),臺北市北投區富貴一路5巷1~30號,40.55,住,,,1071117,土地1建物1車位0,二層,五層,公寓(5樓含以下無電梯),住家用,鋼筋混凝土造,0691218,133.37,4,2,2,有,無,20400000,152958,,0.0,0,含增建或未登記建物。,RPOQMLPLLHOFFEA28DA
士林區,房地(土地+建物)+車位,臺北市士林區中山北路六段405巷61~90號,37.45,住,,,1080201,土地3建物1車位1,二層,六層,華廈(10層含以下有電梯),住家用,鋼筋混凝土造,0880805,183.57,3,2,2,有,有,31000000,168873,升降平面,0.0,2200000,含增建或未登記建物。權利人二人,RPSQMLPLLHOFFEA68DA
士林區,房地(土地+建物)+車位,臺北市士林區葫東街31~60號,36.5,住,,,1080224,土地2建物1車位1,八層,十一層,住宅大樓(11層含以上有電梯),住家用,鋼筋混凝土造,0940513,196.09,4,2,2,有,有,25330000,148578,坡道平面,41.76,2400000,含增建或未登記建物。,RPTPMLQLLHOFFEA78DA
北投區,房地(土地+建物)+車位,臺北市北投區行義路10巷1~30號,14.52,住,,,1080303,土地1建物1車位1,六層,七層,套房(1房1廳1衛),住家用,鋼筋混凝土造,1060929,84.08,1,1,1,有,有,15500000,207207,升降機械,17.48,1700000,本華廈現暫由建設公司管理,RPQNMLRKMHOFFEA28CA
信義區,房地(土地+建物),臺北市信義區光復南路511~540號,5.46,商,,,1080129,土地1建物1車位0,八層,十三層,套房(1房1廳1衛),商業用,鋼筋混凝土造,0891124,31.299999999999997,1,1,1,有,有,8280000,264537,,0.0,0,含增建或未登記建物。,RPXPMLPLLHOFFDA98DA
中山區,房地(土地+建物),臺北市中山區農安街125巷1~30號,26.75,住,,,1080113,土地2建物1車位0,三層，露台,四層,公寓(5樓含以下無電梯),住家用,鋼筋混凝土造,0600805,76.3,3,2,1,有,無,10800000,141547,,0.0,0,含增建或未登記建物。,RPSQMLPLLHOFFCA48DA
大同區,房地(土地+建物)+車位,臺北市大同區通河西街一段1~30號,39.09,住,,,1071124,土地1建物1車位3,九層,十五層,住宅大樓(11層含以上有電梯),住家用,鋼筋混凝土造,0980521,273.06,2,2,3,有,有,48880000,179008,塔式車位,0.0,4500000,含增建或未登記建物。,RPQSMLQLLHOFFBA48DA
大安區,房地(土地+建物)+車位,臺北市大安區忠孝東路四段146巷1~30號,56.53,住,,,1080115,土地1建物1車位2,五層,九層,華廈(10層含以下有電梯),住家用,鋼筋混凝土造,0871117,461.20000000000005,10,2,4,有,有,116000000,251518,升降平面,0.0,6000000,含增建或未登記建物。,RPOPMLPLLHOFFFA28DA
大安區,房地(土地+建物),臺北市大安區敦化南路一段190巷1~30號,30.38,商,,,1080121,土地1建物1車位0,七層,八層,華廈(10層含以下有電梯),住家用,鋼筋混凝土造,0571015,136.51,4,2,2,有,無,36300000,265915,,0.0,0,含增建或未登記建物。,RPRNMLLJMHOFFFA87DA
中山區,房地(土地+建物),臺北市中山區雙城街43巷1~30號,11.26,商,,,1080104,土地1建物1車位0,三層,四層,套房(1房1廳1衛),住家用,鋼筋混凝土造,0640903,39.35,1,1,1,有,有,6500000,165184,,0.0,0,含增建或未登記建物。,RPPNMLPLLHOFFCA87DA
文山區,房地(土地+建物),臺北市文山區羅斯福路五段181~210號,20.2,商,,,1080220,土地1建物1車位0,三層，陽台,五層,套房(1房1廳1衛),住家用,鋼筋混凝土造,,75.74,1,1,1,有,無,10780000,142329,,0.0,0,,RPVNMLSJMHOFFAA48DA
大安區,房地(土地+建物),臺北市大安區忠孝東路四段223巷10弄1~30號,27.29,商,,,1080124,土地1建物1車位0,七層，陽台,七層,華廈(10層含以下有電梯),,鋼筋混凝土造,,146.39,3,2,2,有,有,45000000,307398,,0.0,0,含增建或未登記建物。;增建部分是1房1廳1衛。,RPROMLLJMHOFFFA87CA
大安區,房地(土地+建物),臺北市大安區大安路一段211~240號,28.11,住,,,1080131,土地1建物1車位0,七層，陽台,七層,華廈(10層含以下有電梯),住家用,鋼筋混凝土造,,138.24,3,2,2,有,無,32660000,236256,,0.0,0,,RPOOMLMLLHOFFFA77CA
大安區,房地(土地+建物),臺北市大安區通化街38巷18弄1~30號,10.21,商,,,1080218,土地1建物1車位0,三層,七層,套房(1房1廳1衛),住家用,鋼筋混凝土造,0701229,58.06,1,1,1,有,有,12300000,211850,,0.0,0,,RPUNMLPLLHOFFFA58CA
士林區,房地(土地+建物)+車位,臺北市士林區士東路61~90號,34.85,住,,,1080126,土地1建物1車位2,十層,十四層,住宅大樓(11層含以上有電梯),見其他登記事項,見其他登記事項,1070525,282.69000000000005,0,0,0,無,有,74070000,338821,坡道平面,81.64,5950000,,RPVNMLSKMHOFFEA88CA
北投區,房地(土地+建物)+車位,臺北市北投區中央北路三段220巷1~30號,115.09,住,,,1080117,土地2建物1車位3,四層，五層,五層,華廈(10層含以下有電梯),住家用,鋼筋混凝土造,1000211,335.66999999999996,3,2,4,有,有,35000000,104269,坡道平面,80.94,0,含增建或未登記建物。;,RPQQMLQKMHOFFEA48CA
士林區,房地(土地+建物),臺北市士林區通河西街二段16巷1~30號,28.0,商,,,1080125,土地1建物1車位0,一層,三層,公寓(5樓含以下無電梯),住家用,加強磚造,0601208,57.75,2,1,1,有,無,7520000,130216,,0.0,0,,RPRPMLKKMHOFFEA87CA
士林區,土地,天母段三小段301~330地號,0.71,其他,,,1080220,土地2建物0車位0,,,其他,,,,0.0,0,0,0,有,無,52367,0,,0.0,0,親友、員工或其他特殊關係間之交易。;包含公共設施保留地之交易。;成交價為總公告現值之25%,RPXOMLRLLHOFFEA09CA
北投區,房地(土地+建物)+車位,臺北市北投區聖景路91~120號,65.54,住,,,1080127,土地1建物1車位1,三層，四層,四層,公寓(5樓含以下無電梯),住家用,鋼筋混凝土造,0870829,160.39000000000001,4,2,2,有,有,12880000,80304,坡道平面,0.0,0,親友、員工或其他特殊關係間之交易。;,RPSOMLTJMHOFFEA68CA
士林區,房地(土地+建物),臺北市士林區中山北路六段290巷1~30號,484.0,住,,,1080118,土地2建物1車位0,全,,透天厝,住家用,石造,0550706,198.8,0,0,0,無,無,241000000,1212274,,0.0,0,,RPSOMLNJMHOFFEA08CA
士林區,土地,陽明段一小段271~300地號,24.17,住,,,1080226,土地4建物0車位0,,,其他,,,,0.0,0,0,0,有,無,3146667,130189,,0.0,0,本件係共有土地、土地有被占用、物的瑕疵由買方排除處理。是親友關係間之交易，土地增值稅、登記費、承辦費等雙方約定由買方負擔。,RPWNMLRLLHOFFEA88CA
士林區,土地,蘭雅段二小段31~60地號,0.53,其他,,,1080220,土地1建物0車位0,,,其他,,,,0.0,0,0,0,有,無,46174,0,,0.0,0,親友、員工或其他特殊關係間之交易。;包含公共設施保留地之交易。;成交價為總公共現值之25%,RPSOMLRLLHOFFEA58CA
信義區,車位,臺北市信義區信義路五段150巷451~480號,0.58,住,,,1080119,土地0建物0車位1,地下一層,十層,其他,停車空間,鋼筋混凝土造,0830715,34.4,0,0,0,有,有,1900000,,坡道平面,34.4,1900000,親友、員工或其他特殊關係間之交易。;單獨車位交易。;,RPQPMLTKMHOFFDA58CA
士林區,土地,永新段四小段331~360地號,11.8,住,,,1080308,土地1建物0車位0,,,其他,,,,0.0,0,0,0,有,無,2141700,181500,,0.0,0,,RPUNMLQLLHOFFEA58CA
士林區,土地,永新段四小段331~360地號,2.95,住,,,1080308,土地1建物0車位0,,,其他,,,,0.0,0,0,0,有,無,535000,181356,,0.0,0,,RPVNMLQLLHOFFEA68CA
信義區,房地(土地+建物)+車位,臺北市信義區松信路50巷1~30號,63.1,住,,,1080212,土地1建物1車位3,七層,十四層,住宅大樓(11層含以上有電梯),住家用,鋼骨鋼筋混凝土造,1021115,419.01,0,0,0,無,有,89800000,302545,坡道平面,138.06,4800000,,RPVOMLKKMHOFFDA08CA
士林區,土地,富安段三小段391~420地號,101.82,其他,,,1080305,土地1建物0車位0,,,其他,,,,0.0,0,0,0,有,無,4920000,48321,,0.0,0,親友、員工或其他特殊關係間之交易。,RPSOMLQLLHOFFEA48CA
士林區,車位,臺北市士林區士東路200巷61~90號,0.34,住,,,1080314,土地0建物0車位1,一層,十一層,其他,見其他登記事項,鋼筋混凝土造,0910122,3.1300000000000003,0,0,0,有,有,1250000,,升降機械,3.13,1250000,,RPPNMLOLLHOFFEA87CA
士林區,土地,富安段三小段121~150地號,1153.88,其他,,,1080313,土地1建物0車位0,,,其他,,,,0.0,0,0,0,有,無,56892000,49305,,0.0,0,,RPSNMLPLLHOFFEA28CA
士林區,房地(土地+建物),臺北市士林區德行西路91~120號,28.4,住,,,1071211,土地1建物1車位0,二層,五層,公寓(5樓含以下無電梯),住家用,鋼筋混凝土造,0691023,113.26,3,2,2,有,無,18680000,164930,,0.0,0,含增建或未登記建物。;,RPWNMLPLLHOFFEA68CA
士林區,房地(土地+建物),臺北市士林區重慶北路四段49巷40弄1~30號,23.0,住,,,1080216,土地1建物1車位0,三層,四層,公寓(5樓含以下無電梯),住家用,鋼筋混凝土造,0610314,80.54,2,2,1,有,無,8500000,105538,,0.0,0,含增建或未登記建物。;,RPXNMLPLLHOFFEA78CA
士林區,房地(土地+建物),臺北市士林區忠誠路一段31~60號,18.02,住,,,1080105,土地1建物1車位0,二層,七層,華廈(10層含以下有電梯),住家用,鋼筋混凝土造,0740118,104.76,3,2,2,有,有,18880000,180221,,0.0,0,含增建或未登記建物。;,RPQOMLPLLHOFFEA18CA
北投區,房地(土地+建物),臺北市北投區建民路129巷1~30號,45.27,住,,,1080216,土地1建物1車位0,一層,五層,公寓(5樓含以下無電梯),住家用,鋼筋混凝土造,0780217,186.68,2,3,2,有,無,33800000,181058,,0.0,0,含增建或未登記建物。;,RPROMLPLLHOFFEA28CA
北投區,房地(土地+建物)+車位,臺北市北投區三合街一段117巷31~60號,33.2,住,,,1071128,土地1建物1車位1,六層,九層,華廈(10層含以下有電梯),住家用,鋼筋混凝土造,1070502,204.07,2,2,2,有,有,39000000,222365,坡道平面,41.05,2750000,,RPTOMLPLLHOFFEA48CA
北投區,房地(土地+建物),臺北市北投區大度路三段301巷28弄1~30號,24.0,住,,,1080223,土地1建物1車位0,三層,五層,公寓(5樓含以下無電梯),住家用,鋼筋混凝土造,0760123,84.4,3,2,1,有,無,6950000,82346,,0.0,0,含增建或未登記建物。;,RPUOMLPLLHOFFEA58CA
南港區,車位,臺北市南港區興華路64巷1~30號,1.2,住,,,1080309,土地0建物0車位1,地下三層,十三層,其他,停車空間,鋼筋混凝土造,0971030,48.3,0,0,0,有,有,1680000,,坡道平面,48.3,1680000,,RPOOMLLKMHOFFDA47CA
南港區,房地(土地+建物),臺北市南港區向陽路120巷2弄1~30號,29.35,住,,,1080220,土地1建物1車位0,四層,五層,公寓(5樓含以下無電梯),住家用,鋼筋混凝土造,0700130,89.25,3,1,1,有,無,10000000,112045,,0.0,0,親友、員工或其他特殊關係間之交易。;,RPPNMLQJMHOFFDA87CA
松山區,房地(土地+建物),臺北市松山區新東街12巷31~60號,52.33,住,,,1080127,土地1建物1車位0,五層,五層,公寓(5樓含以下無電梯),住家用,鋼筋混凝土造,0710416,129.11,4,2,2,有,無,19500000,151034,,0.0,0,,RPPNMLMJMHOFFDA47CA
南港區,房地(土地+建物),臺北市南港區福德街391~420號,22.2,住,,,1080312,土地1建物1車位0,八層,十四層,住宅大樓(11層含以上有電梯),見其他登記事項,鋼筋混凝土造,0870521,131.35,2,1,1,有,有,18200000,138561,,0.0,0,,RPXOMLQLLHOFFDA88CA
信義區,房地(土地+建物),臺北市信義區忠孝東路五段361~390號,5.63,商,,,1080115,土地3建物1車位0,十一層,十一層,套房(1房1廳1衛),見其他登記事項,鋼筋混凝土造,0940531,40.06,1,1,1,有,有,14780000,368947,,0.0,0,含增建或未登記建物。;,RPPPMLMLLHOFFDA77CA
信義區,房地(土地+建物),臺北市信義區和平東路三段151~180號,9.1,商,,,1080216,土地2建物1車位0,四層,十四層,套房(1房1廳1衛),住家用,鋼筋混凝土造,0970205,45.55,0,0,0,無,有,9200000,201976,,0.0,0,增建夾層,RPQNMLOLLHOFFDA87CA
南港區,房地(土地+建物)+車位,臺北市南港區興華路91~120號,18.21,商,,,1080304,土地1建物1車位1,十一層,十八層,住宅大樓(11層含以上有電梯),商業用,鋼筋混凝土造,0860830,160.09,3,2,2,有,有,26500000,165532,塔式車位,0.0,0,含增建或未登記建物。;,RPUNMLPLLHOFFDA38CA
南港區,房地(土地+建物)+車位,臺北市南港區重陽路451~480號,29.48,住,,,1080128,土地1建物1車位1,十四層,十五層,住宅大樓(11層含以上有電梯),見其他登記事項,鋼筋混凝土造,1050411,219.39999999999998,3,2,3,有,有,35800000,163172,坡道平面,38.91,0,,RPWNMLPLLHOFFDA58CA
中山區,房地(土地+建物),臺北市中山區中山北路一段53巷1~30號,10.24,商,,,1070915,土地1建物1車位0,四層,十層,華廈(10層含以下有電梯),住家用,鋼筋混凝土造,0971030,59.78,1,1,1,有,有,12100000,202409,,0.0,0,,RPUQMLKKMHOFFCA08CA
內湖區,房地(土地+建物),臺北市內湖區安泰街1~30號,27.12,住,,,1080220,土地1建物1車位0,二層,五層,公寓(5樓含以下無電梯),住家用,鋼筋混凝土造,0750616,103.92,3,2,2,有,無,11200000,107775,,0.0,0,,RPXNMLRJMHOFFCA68CA
松山區,房地(土地+建物),臺北市松山區八德路三段158巷20弄31~60號,6.82,住,,,1080217,土地2建物1車位0,七層,七層,華廈(10層含以下有電梯),住家用,鋼筋混凝土造,0661019,33.29,0,0,0,無,有,6400000,192250,,0.0,0,,RPSNMLMLLHOFFDA87CA
信義區,房地(土地+建物),臺北市信義區虎林街60巷1~30號,44.0,住,,,1080220,土地2建物1車位0,四層,四層,公寓(5樓含以下無電梯),住家用,鋼筋混凝土造,0611006,105.54,3,2,1,有,無,17500000,165814,,0.0,0,含增建或未登記建物。;,RPWOMLMLLHOFFDA38CA
中山區,房地(土地+建物),臺北市中山區松江路1~30號,1.72,商,,,1080223,土地1建物1車位0,八層,十二層,住宅大樓(11層含以上有電梯),住商用,鋼筋混凝土造,0661102,21.09,1,1,1,有,有,4100000,194405,,0.0,0,,RPVQMLRKMHOFFCA88CA
中山區,土地,吉林段三小段541~570地號,36.04,其他,,,1080311,土地2建物0車位0,,,其他,,,,0.0,0,0,0,有,無,673055,18675,,0.0,0,,RPXOMLTJMHOFFCA98CA
中山區,房地(土地+建物),臺北市中山區中山北路二段31~60號,28.47,商,,,1080307,土地1建物1車位0,十層,十二層,辦公商業大樓,商業用,鋼筋混凝土造,0740705,235.86999999999998,0,0,0,無,有,53200000,225548,,0.0,0,,RPQOMLMJMHOFFCA57CA
內湖區,房地(土地+建物)+車位,臺北市內湖區民權東路六段180巷42弄1~30號,15.57,商,,,1080218,土地1建物1車位1,十三層,十五層,住宅大樓(11層含以上有電梯),住家用,鋼筋混凝土造,1070718,204.41,3,2,2,有,有,39170000,221705,坡道平面,41.04,2950000,,RPPOMLSLLHOFFCA18CA
中山區,房地(土地+建物)+車位,臺北市中山區松江路170巷1~30號,28.07,住,,,1080226,土地1建物1車位1,四層,十一層,住宅大樓(11層含以上有電梯),見其他登記事項,鋼筋混凝土造,1060927,186.25,2,2,2,有,有,45980000,246872,坡道平面,40.4,0,,RPUOMLSLLHOFFCA68CA
內湖區,房地(土地+建物),臺北市內湖區民權東路六段180巷42弄1~30號,7.24,商,,,1080305,土地1建物1車位0,十三層,十五層,住宅大樓(11層含以上有電梯),住家用,鋼筋混凝土造,1070718,79.43,1,1,1,有,有,16200000,203953,,0.0,0,,RPXOMLSLLHOFFCA98CA
中山區,車位,臺北市中山區新生北路三段1~30號,4.08,商,,,1080217,土地0建物0車位1,地下層，見使用執照,十二層,其他,見使用執照,鋼筋混凝土造,0700703,31.72,0,0,0,有,有,2100000,,坡道平面,0.0,2100000,,RPUNMLRLLHOFFCA48CA
中山區,房地(土地+建物),臺北市中山區南京東路三段89巷27弄1~30號,14.84,住,,,1080114,土地1建物1車位0,七層,十層,華廈(10層含以下有電梯),住家用,鋼筋混凝土造,1061002,75.57,0,0,1,無,有,20688300,273763,,0.0,0,,RPRQMLQLLHOFFCA38CA
萬華區,房地(土地+建物),臺北市萬華區萬大路423巷101弄1~30號,18.09,住,,,1080127,土地2建物1車位0,一層，騎樓,五層,公寓(5樓含以下無電梯),住家用,鋼筋混凝土造,0640403,51.81,2,1,1,有,無,8100000,156340,,0.0,0,含增建或未登記建物。;,RPORMLMJMHOFFBA57CA
中山區,房地(土地+建物)+車位,臺北市中山區雙城街13巷1~30號,19.13,商,,,1080227,土地1建物1車位2,十一層,十五層,住宅大樓(11層含以上有電梯),住家用,鋼筋混凝土造,1010327,277.57,4,2,2,有,有,58800000,211838,坡道平面,68.28,0,,RPROMLQLLHOFFCA18CA
內湖區,房地(土地+建物)+車位,臺北市內湖區瑞光路1~30號,22.64,住,,,1080223,土地1建物1車位1,四層,九層,華廈(10層含以下有電梯),住家用,鋼筋混凝土造,0941221,111.85,2,2,1,有,有,16900000,151095,坡道平面,34.49,0,含增建或未登記建物。;,RPWNMLPLLHOFFCA48CA
內湖區,房地(土地+建物)+車位,臺北市內湖區成功路二段193巷1~30號,12.76,住,,,1080214,土地2建物1車位1,四層,七層,套房(1房1廳1衛),住家用,鋼筋混凝土造,0981225,64.82000000000001,1,1,1,有,有,8880000,136995,塔式車位,13.28,0,含增建或未登記建物。;,RPXNMLPLLHOFFCA58CA
中山區,房地(土地+建物),臺北市中山區新生北路二段68巷1~30號,3.92,商,,,1080217,土地1建物1車位0,三層,十三層,套房(1房1廳1衛),住家用,鋼筋混凝土造,0971229,46.629999999999995,1,1,1,有,有,9300000,199442,,0.0,0,含增建或未登記建物。;,RPTRMLMLLHOFFCA28CA
中正區,房地(土地+建物),臺北市中正區新生南路一段170巷1~30號,25.75,住,,,1080224,土地1建物1車位0,三層,六層,華廈(10層含以下有電梯),住家用,鋼筋混凝土造,,100.72,3,2,2,有,有,25580000,253971,,0.0,0,含增建或未登記建物。;空地增建,RPQPMLLJMHOFFBA47CA
文山區,房地(土地+建物),臺北市文山區木柵路二段109巷100弄1~30號,34.05,住,,,1080216,土地3建物1車位0,八層,十層,華廈(10層含以下有電梯),住家用,鋼筋混凝土造,0821206,71.07,2,2,1,有,有,10680000,150274,,0.0,0,含增建或未登記建物。;,RPOOMLRLLHOFFAA77CA
文山區,土地,華興段三小段211~240地號,883.0,住,,,1080315,土地4建物0車位0,,,其他,,,,0.0,0,0,0,有,無,232385700,263177,,0.0,0,,RPXNMLKKMHOFFAA87CA
中正區,房地(土地+建物)+車位,臺北市中正區南昌路一段61~90號,8.62,商,,,1070805,土地2建物1車位1,十三層,十五層,住宅大樓(11層含以上有電梯),見其他登記事項,鋼筋混凝土造,1071217,103.94999999999999,2,1,1,有,有,32500000,312650,其他,17.72,0,本案為預售屋買賣。土地價款含車位部分163萬，房屋價款含車位部分87萬。,RPTNMLSKMHOFFAA28CA
中正區,房地(土地+建物)+車位,臺北市中正區南昌路一段61~90號,9.86,商,,,1050903,土地2建物1車位1,十一層,十五層,住宅大樓(11層含以上有電梯),見其他登記事項,鋼筋混凝土造,1071217,115.97999999999999,2,1,1,有,有,34120000,294189,其他,17.72,0,本案為預售屋買賣。土地價款含車位部分156萬，建物價款含車位部分84萬。,RPUNMLSKMHOFFAA38CA
中正區,房地(土地+建物)+車位,臺北市中正區南昌路一段61~90號,9.86,商,,,1050903,土地2建物1車位1,十一層,十五層,住宅大樓(11層含以上有電梯),見其他登記事項,鋼筋混凝土造,1071217,118.1,2,1,1,有,有,34960000,296020,其他,17.72,0,本案為預售屋買賣。土地價款含車位部分156萬，房屋價款含車位部分84萬。,RPVNMLSKMHOFFAA48CA
中正區,車位,臺北市中正區杭州南路一段31~60號,0.21,商,,,1080306,土地0建物0車位1,一層,十四層,其他,見其他登記事項,鋼筋混凝土造,0930820,16.85,0,0,0,有,有,550000,,升降機械,16.73,550000,單獨車位交易。;,RPPOMLMLLHOFFBA47CA
大同區,房地(土地+建物),臺北市大同區南京西路344巷1~30號,193.0,商,,,1071230,土地1建物3車位0,二層，三層,三層,公寓(5樓含以下無電梯),,加強磚造,,465.0,0,0,0,無,無,78000000,167742,,0.0,0,含增建或未登記建物。;整棟買賣,RPQOMLMLLHOFFBA57CA
萬華區,房地(土地+建物),臺北市萬華區康定路211~240號,2.99,商,,,1080308,土地3建物1車位0,六層,十一層,套房(1房1廳1衛),見使用執照,鋼筋混凝土造,0700410,27.54,1,1,1,有,有,2900000,105301,,0.0,0,,RPPNMLOLLHOFFBA57CA
文山區,房地(土地+建物)+車位,臺北市文山區興隆路一段31~60號,14.92,其他,,,1080211,土地1建物1車位1,五層,九層,套房(1房1廳1衛),住家用,鋼筋混凝土造,0860704,101.5,2,1,1,有,有,11000000,108374,升降平面,15.07,0,親友、員工或其他特殊關係間之交易。;,RPTNMLNJMHOFFAA67CA
文山區,房地(土地+建物)+車位,臺北市文山區興隆路三段304巷31~60號,20.75,住,,,1080104,土地2建物1車位1,三層,七層,華廈(10層含以下有電梯),住家用,鋼筋混凝土造,1030314,130.42000000000002,3,2,1,有,有,14360000,110106,坡道平面,26.69,0,含增建或未登記建物。;內含獨立產權車位，未包含在棟數內。,RPQNMLQLLHOFFAA77CA
文山區,房地(土地+建物),臺北市文山區興隆路二段78巷1~30號,27.0,商,,,1071230,土地1建物1車位0,四層,四層,公寓(5樓含以下無電梯),住家用,加強磚造,0580617,64.04,3,2,1,有,無,6800000,106184,,0.0,0,親友、員工或其他特殊關係間之交易。;,RPWNMLQLLHOFFAA38CA
文山區,房地(土地+建物)+車位,臺北市文山區興隆路二段96巷1~30號,36.8,住,,,1071121,土地1建物1車位1,一層,七層,華廈(10層含以下有電梯),見其他登記事項,鋼筋混凝土造,1070105,157.48000000000002,0,0,0,無,有,31000000,210342,坡道平面,20.56,2200000,,RPVNMLOLLHOFFAA08CA
文山區,房地(土地+建物),臺北市文山區一壽街3巷1~30號,24.44,住,,,1071231,土地3建物1車位0,一層，露台,四層,公寓(5樓含以下無電梯),住家用,鋼筋混凝土造,,71.6,3,2,1,有,無,12600000,175978,,0.0,0,含增建或未登記建物。;,RPXPMLMLLHOFFAA28CA
中正區,車位,臺北市中正區牯嶺街91~120號,0.13,住,,,1080311,土地0建物0車位1,一層,五層,其他,住家用,鋼筋混凝土造,0961031,0.02,0,0,0,有,有,1150000,,升降機械,0.02,1150000,,RPRPMLMLLHOFFAA67CA
文山區,車位,臺北市文山區木新路三段45巷7弄1~30號,0.0,,,,1080121,土地0建物0車位2,,,其他,,,,80.35,0,0,0,有,有,1550000,,坡道平面,80.36,1550000,單獨車位交易。;,RPSPMLMLLHOFFAA77CA
中正區,房地(土地+建物),臺北市中正區寧波西街181巷1~30號,26.0,住,,,1080224,土地1建物1車位0,二層,三層,公寓(5樓含以下無電梯),,加強磚造,,66.51,2,1,1,有,無,10780000,162081,,0.0,0,含增建或未登記建物。;,RPPNMLQLLHOFFAA67CA
中正區,房地(土地+建物),臺北市中正區中華路二段331~360號,24.17,住,,,1080218,土地2建物1車位0,六層,七層,華廈(10層含以下有電梯),見其他登記事項,鋼筋混凝土造,0691029,65.02,3,2,1,有,有,10000000,153799,,0.0,0,含增建或未登記建物。;,RPRNMLQLLHOFFAA87CA
文山區,房地(土地+建物),臺北市文山區景興路153巷14弄1~30號,39.21,住,,,1080222,土地2建物1車位0,五層,五層,公寓(5樓含以下無電梯),住家用,鋼筋混凝土造,,97.71,3,2,1,有,有,11300000,115648,,0.0,0,,RPXNMLNJMHOFFAA08CA
文山區,房地(土地+建物),臺北市文山區景隆街1巷10弄1~30號,35.65,住,,,1080219,土地1建物1車位0,一層，平台,四層,公寓(5樓含以下無電梯),,鋼筋混凝土造,,87.74,3,2,2,有,無,14500000,165261,,0.0,0,,RPPPMLSJMHOFFAA97CA
文山區,房地(土地+建物)+車位,臺北市文山區景興路181~210號,12.61,商,,,1080217,土地1建物1車位1,十一層,十八層,住宅大樓(11層含以上有電梯),住家用,鋼骨鋼筋混凝土造,0831210,177.07999999999998,3,2,2,有,有,25800000,145697,坡道平面,0.0,0,含增建或未登記建物。;共有人數3人。內含獨立產權車位，未包含在棟數內。內含獨立產權公設，未包含在棟數內。車位面積無法概算。,RPTNMLRLLHOFFAA18CA
文山區,房地(土地+建物),臺北市文山區萬盛街61~90號,49.25,住,,,1080302,土地3建物1車位0,三層，陽台,四層,公寓(5樓含以下無電梯),住家用,鋼筋混凝土造,0610308,105.56,3,2,2,有,無,14730000,139541,,0.0,0,含增建或未登記建物。;,RPVNMLRLLHOFFAA38CA
文山區,房地(土地+建物),臺北市文山區下崙路11巷1~30號,32.31,住,,,1080126,土地1建物1車位0,三層,七層,華廈(10層含以下有電梯),見其他登記事項,鋼筋混凝土造,1060104,133.65,3,2,2,有,無,19000000,142162,,0.0,0,,RPSOMLTJMHOFFAA28CA
文山區,車位,臺北市文山區辛亥路六段31~60號,0.59,住,,,1080309,土地0建物0車位1,一層,十四層,其他,見其他登記事項,鋼筋混凝土造,0970521,43.47,0,0,0,有,有,900000,,坡道平面,43.47,900000,單獨車位交易。;,RPRNMLKKMHOFFAA27CA
文山區,車位,臺北市文山區辛亥路六段31~60號,0.59,住,,,1080309,土地0建物0車位1,一層,十四層,其他,見其他登記事項,鋼筋混凝土造,0970521,43.47,0,0,0,有,有,900000,,坡道平面,43.47,900000,單獨車位交易。;,RPSNMLKKMHOFFAA37CA
萬華區,房地(土地+建物),臺北市萬華區康定路151~180號,10.84,商,,,1080216,土地1建物1車位0,三層,十三層,住宅大樓(11層含以上有電梯),住家用,鋼筋混凝土造,0960927,137.43,3,2,2,有,有,19750000,143710,,0.0,0,含增建或未登記建物。;,RPUOMLPLLHOFFBA28CA
萬華區,房地(土地+建物)+車位,臺北市萬華區南寧路61~90號,13.65,商,,,1080218,土地1建物1車位1,二層,十二層,住宅大樓(11層含以上有電梯),商業用,鋼筋混凝土造,0780515,181.45999999999998,3,2,2,有,有,18500000,101956,升降平面,0.0,0,含增建或未登記建物。;,RPPNMLQLLHOFFBA77CA
大同區,房地(土地+建物),臺北市大同區承德路三段91~120號,29.0,商,,,1071128,土地1建物1車位0,三層,四層,公寓(5樓含以下無電梯),住家用,鋼筋混凝土造,0631008,100.6,5,1,1,有,無,15000000,149105,,0.0,0,含增建或未登記建物。;,RPQNMLQLLHOFFBA87CA
萬華區,房地(土地+建物),臺北市萬華區柳州街91~120號,21.2,商,,,1080226,土地2建物1車位0,四層,五層,公寓(5樓含以下無電梯),見使用執照,鋼筋混凝土造,,95.51,3,2,1,有,無,10780000,112868,,0.0,0,含增建或未登記建物。;,RPRNMLQLLHOFFBA97CA
大同區,房地(土地+建物),臺北市大同區承德路三段91~120號,29.0,商,,,1071128,土地1建物1車位0,四層,四層,公寓(5樓含以下無電梯),住家用,鋼筋混凝土造,0631008,100.6,1,2,1,有,無,15000000,149105,,0.0,0,含增建或未登記建物。;,RPSNMLQLLHOFFBA08CA
大同區,房地(土地+建物),臺北市大同區民權西路211~240號,11.75,商,,,1080225,土地1建物1車位0,四層,十二層,住宅大樓(11層含以上有電梯),商業用,鋼筋混凝土造,0771108,112.97,2,2,2,有,有,15920000,140922,,0.0,0,含增建或未登記建物。;,RPXNMLQLLHOFFBA58CA
大同區,房地(土地+建物),臺北市大同區華亭街31~60號,4.81,商,,,1080116,土地1建物1車位0,九層,十一層,套房(1房1廳1衛),住家用,鋼筋混凝土造,0991101,46.81,1,0,1,有,有,9000000,192267,,0.0,0,含增建或未登記建物。;,RPOOMLQLLHOFFBA77CA
萬華區,房地(土地+建物),臺北市萬華區大埔街1~30號,16.25,住,,,1080307,土地1建物1車位0,二層,四層,公寓(5樓含以下無電梯),見其他登記事項,鋼筋混凝土造,0621115,55.15,3,2,1,有,無,3250000,58930,,0.0,0,親友、員工或其他特殊關係間之交易。;二等親買賣,RPORMLQLLHOFFBA08CA
大同區,房地(土地+建物),臺北市大同區南京西路211~240號,63.0,商,,,1080107,土地1建物1車位0,全,三層,透天厝,,磚造,,186.46,6,4,4,有,無,93000000,498766,,0.0,0,含增建或未登記建物。;,RPPNMLKMLHOFFBA27CA
萬華區,房地(土地+建物),臺北市萬華區西園路二段301~330號,128.0,住,,,1080223,土地1建物1車位0,全,二層,透天厝,,加強磚造,,182.6,3,2,2,有,無,46800000,256298,,0.0,0,含增建或未登記建物。;,RPPOMLSLLHOFFBA08CA
萬華區,房地(土地+建物),臺北市萬華區成都路91~120號,7.66,商,,,1080226,土地1建物1車位0,十二層,二十二層,住宅大樓(11層含以上有電梯),住家用,鋼骨鋼筋混凝土造,1060418,102.17999999999999,2,2,1,有,有,20100000,196712,,0.0,0,,RPRNMLLKMHOFFBA47CA
中山區,房地(土地+建物),臺北市中山區新生北路三段84巷31~60號,16.17,商,,,1080212,土地2建物1車位0,地下層,五層,公寓(5樓含以下無電梯),見使用執照,鋼筋混凝土造,0680604,75.5,2,1,1,有,無,5600000,74172,,0.0,0,親友、員工或其他特殊關係間之交易。;,RPXPMLPLLHOFFCA78CA
中山區,房地(土地+建物),臺北市中山區新生北路三段1~30號,3.43,商,,,1080212,土地1建物1車位0,六層,十二層,套房(1房1廳1衛),住家用,鋼筋混凝土造,0700703,31.76,1,1,1,有,有,4900000,154282,,0.0,0,含增建或未登記建物。;,RPPNMLQLLHOFFCA87CA
大同區,房地(土地+建物),臺北市大同區民樂街61~90號,17.0,其他,,,1080115,土地2建物1車位0,全,二層,透天厝,,磚造,0450701,32.66,1,1,1,有,無,6900000,211268,,0.0,0,包含公共設施保留地之交易。;,RPSOMLLKMHOFFBA67CA
萬華區,房地(土地+建物),臺北市萬華區民和街81巷1~30號,13.32,住,,,1060406,土地1建物1車位0,七層,十三層,住宅大樓(11層含以上有電梯),住家用,鋼筋混凝土造,1071105,85.44,2,2,1,有,無,15500000,181414,,0.0,0,,RPOPMLMKMHOFFBA47CA
大同區,車位,臺北市大同區昌吉街1~30號,0.17,住,,,1080312,土地0建物0車位1,一層,十四層,其他,見其他登記事項,鋼筋混凝土造,1010112,46.75,0,0,0,有,有,2502000,,坡道平面,0.0,2502000,,RPTNMLOKMHOFFBA97CA
中山區,房地(土地+建物),臺北市中山區新生北路二段21巷1~30號,20.38,住,,,1080203,土地1建物1車位0,七層,七層,華廈(10層含以下有電梯),住家用,鋼筋混凝土造,0651103,101.48,1,2,2,有,無,24750000,243890,,0.0,0,含增建或未登記建物。;,RPPOMLQLLHOFFCA97CA
中山區,房地(土地+建物),臺北市中山區中山北路二段77巷1~30號,3.43,商,,,1080227,土地1建物1車位0,十三層,十四層,住宅大樓(11層含以上有電梯),商業用,鋼筋混凝土造,0901112,46.0,2,1,1,有,有,10550000,229348,,0.0,0,含增建或未登記建物。;,RPRPMLQLLHOFFCA28CA
內湖區,車位,臺北市內湖區民權東路六段123巷34弄1~30號,0.12,商,,,1080306,土地0建物0車位1,,,其他,,,,9.15,0,0,0,有,無,1550000,,坡道機械,9.15,1550000,,RPSPMLSLLHOFFCA58CA
內湖區,車位,臺北市內湖區瑞光路271~300號,0.53,其他,,,1080314,土地0建物0車位1,地下一層,十三層,其他,停車空間,鋼筋混凝土造,0950724,41.65,0,0,0,有,有,1600000,,坡道平面,41.65,1600000,單獨車位交易。;,RPVQMLNJMHOFFCA38CA
內湖區,車位,臺北市內湖區瑞光路271~300號,0.53,其他,,,1080314,土地0建物0車位1,地下一層,十三層,其他,停車空間,鋼筋混凝土造,0950724,41.65,0,0,0,有,有,1600000,,坡道平面,41.65,1600000,單獨車位交易。;,RPXQMLNJMHOFFCA58CA
中山區,房地(土地+建物),臺北市中山區民權東路三段60巷1~30號,20.07,住,,,1080225,土地1建物1車位0,四層,七層,華廈(10層含以下有電梯),住家用,鋼筋混凝土造,0730214,106.32,3,1,2,有,有,22250000,209274,,0.0,0,,RPORMLNJMHOFFCA77CA
內湖區,房地(土地+建物)+車位,臺北市內湖區內湖路二段103巷1~30號,76.23,住,,,1080112,土地1建物1車位3,二十一層,二十六層,住宅大樓(11層含以上有電梯),住家用,見其他登記事項,1070619,556.83,0,0,0,無,有,197370000,429493,坡道平面,119.64,9600000,,RPPQMLSLLHOFFCA38CA
中山區,房地(土地+建物),臺北市中山區林森北路301~330號,3.28,商,,,1080226,土地1建物1車位0,十五層,十五層,住宅大樓(11層含以上有電梯),住家用,見其他登記事項,0990409,34.5,0,0,0,無,有,7400000,214493,,0.0,0,親友、員工或其他特殊關係間之交易。;,RPVQMLLJMHOFFCA18CA
中山區,房地(土地+建物),臺北市中山區明水路541~570號,19.96,住,,,1080221,土地1建物1車位0,三層，四層,十六層,住宅大樓(11層含以上有電梯),住家用,鋼筋混凝土造,0850530,85.47,1,2,1,有,有,18600000,217620,,0.0,0,含增建或未登記建物。;,RPSNMLRLLHOFFCA28CA
內湖區,房地(土地+建物)+車位,臺北市內湖區行善路59巷20弄1~30號,63.98,住,,,1080305,土地1建物1車位1,三層,六層,華廈(10層含以下有電梯),住家用,鋼筋混凝土造,0971015,209.67000000000002,4,2,2,有,有,39500000,188391,坡道平面,33.18,0,,RPSRMLLJMHOFFCA97CA
中山區,房地(土地+建物),臺北市中山區中山北路二段151~180號,5.32,商,,,1080304,土地1建物1車位0,四層,十四層,住宅大樓(11層含以上有電梯),住家用,鋼骨鋼筋混凝土造,0951129,47.97,2,1,1,有,有,11500000,239733,,0.0,0,,RPPRMLRKMHOFFCA38CA
中山區,房地(土地+建物),臺北市中山區新生北路二段68巷1~30號,3.1,商,,,1080314,土地1建物1車位0,十一層,十二層,住宅大樓(11層含以上有電梯),住家用,鋼筋混凝土造,0970813,33.55,1,1,1,有,有,7500000,223547,,0.0,0,,RPSPMLNLMHOFFCA18CA
內湖區,車位,臺北市內湖區內湖路二段253巷31~60號,2.44,住,,,1080314,土地0建物0車位1,一層,十一層,其他,商業用,鋼筋混凝土造,0980923,35.35,0,0,0,有,有,1680000,,升降機械,35.35,1680000,本案車位為子母車位,RPVPMLLKMHOFFCA18CA
信義區,房地(土地+建物),臺北市信義區永吉路180巷16弄1~30號,41.0,住,,,1080305,土地1建物1車位0,全,三層,透天厝,住家用,見其他登記事項,0520601,118.8,5,1,2,有,無,12324000,103737,,0.0,0,親友、員工或其他特殊關係間之交易。;頂樓另有違建部分併同移轉,RPPNMLQLLHOFFDA97CA
松山區,房地(土地+建物)+車位,臺北市松山區寶清街91~120號,17.48,住,,,1080128,土地1建物1車位1,十層,十三層,住宅大樓(11層含以上有電梯),見其他登記事項,鋼筋混凝土造,1061124,128.32,3,2,2,有,有,27300000,235617,坡道平面,24.55,2850000,,RPQNMLQLLHOFFDA08CA
南港區,房地(土地+建物),臺北市南港區成功路一段94巷2弄1~30號,20.17,工,,,1080217,土地4建物1車位0,五層,五層,公寓(5樓含以下無電梯),住家用,鋼筋混凝土造,,80.56,0,0,0,無,無,7780000,96574,,0.0,0,含增建或未登記建物。;,RPPNMLRLLHOFFDA08CA
信義區,房地(土地+建物),臺北市信義區嘉興街121~150號,29.75,住,,,1080218,土地1建物1車位0,二層，陽台,四層,公寓(5樓含以下無電梯),住家用,鋼筋混凝土造,0620712,93.85,3,2,2,有,無,15000000,159830,,0.0,0,,RPOPMLSJMHOFFDA18CA
松山區,土地,延壽段一小段421~450地號,105.41,住,,,1071212,土地1建物0車位0,,,其他,,,,0.0,0,0,0,有,無,52500000,498055,,0.0,0,含土地上已核准的建照權利,RPTNMLKMLHOFFDA87CA
松山區,土地,延壽段一小段421~450地號,105.41,住,,,1071212,土地1建物0車位0,,,其他,,,,0.0,0,0,0,有,無,52500000,498055,,0.0,0,含土地上已核准的建照權利,RPUNMLKMLHOFFDA97CA
北投區,房地(土地+建物)+車位,臺北市北投區公館路231巷1~30號,47.5,住,,,1080213,土地1建物1車位1,四層，五層，電梯樓梯間,五層,公寓(5樓含以下無電梯),住家用,鋼筋混凝土造,0860219,250.89999999999998,4,3,3,有,無,17500000,69749,升降平面,0.0,0,含增建或未登記建物。;,RPPNMLQLLHOFFEA08CA
松山區,房地(土地+建物),臺北市松山區三民路101巷1~30號,30.25,住,,,1080221,土地1建物1車位0,四層,四層,公寓(5樓含以下無電梯),住家用,鋼筋混凝土造,0610120,87.41,3,2,1,有,無,20320000,232468,,0.0,0,,RPVNMLMLMHOFFDA28CA
松山區,房地(土地+建物)+車位,臺北市松山區南京東路五段211~240號,17.31,商,,,1080307,土地1建物2車位1,十二層,十二層,住宅大樓(11層含以上有電梯),住家用,鋼筋混凝土造,0780602,176.53000000000003,3,2,2,有,有,32000000,181272,升降平面,38.59,0,含頂樓增建,RPUOMLNLMHOFFDA38CA
北投區,房地(土地+建物)+車位,臺北市北投區福美路181~210號,47.68,其他,,,1080121,土地1建物1車位1,四層,十三層,住宅大樓(11層含以上有電梯),見其他登記事項,鋼筋混凝土造,1061114,194.91,4,2,2,有,無,8613869,44194,坡道平面,43.66,0,向政府機關承購之案件。;區段徵收專案配售。,RPRNMLQLLHOFFEA28CA
北投區,房地(土地+建物)+車位,臺北市北投區三合街一段36巷1~30號,42.96,住,,,1080221,土地1建物1車位1,六層,九層,華廈(10層含以下有電梯),住家用,鋼筋混凝土造,1050311,251.93,3,2,2,有,有,42300000,167904,坡道平面,38.2,0,,RPVOMLRLLHOFFEA88CA
士林區,建物,臺北市士林區中山北路七段220巷1~30號,0.0,,,,1080304,土地0建物1車位0,三層,七層,華廈(10層含以下有電梯),住家用,鋼筋混凝土造,0700817,233.59,4,2,2,有,無,800000,3425,,0.0,0,,RPRPMLQLLHOFFEA48CA
北投區,房地(土地+建物)+車位,臺北市北投區公館路231巷1~30號,35.21,住,,,1080319,土地1建物1車位1,五層,六層,華廈(10層含以下有電梯),住家用,鋼筋混凝土造,1021119,156.48,3,2,2,有,有,24250000,154972,升降機械,18.34,0,,RPUOMLNJMHOFFEA28CA
北投區,房地(土地+建物)+車位,臺北市北投區三合街一段118巷1~30號,32.01,住,,,1080217,土地1建物1車位1,四層,八層,華廈(10層含以下有電梯),住家用,鋼筋混凝土造,1061128,191.66,3,2,2,有,無,33000000,196698,坡道平面,36.6,2500000,新建房屋尚未成立管理組織,RPQOMLSJMHOFFEA38CA
士林區,房地(土地+建物),臺北市士林區中山北路七段114巷31~60號,50.0,住,,,1080226,土地1建物1車位0,三層，陽台,四層,公寓(5樓含以下無電梯),住家用,鋼筋混凝土造,0641231,124.25,3,2,2,有,無,17800000,143260,,0.0,0,,RPWOMLSLLHOFFEA09CA
士林區,房地(土地+建物),臺北市士林區永平街31~60號,23.4,住,,,1080219,土地1建物1車位0,二層,五層,公寓(5樓含以下無電梯),住家用,鋼筋混凝土造,0690729,73.62,2,1,1,有,無,8300000,112741,,0.0,0,,RPVNMLTLLHOFFEA98CA
北投區,房地(土地+建物),臺北市北投區溫泉路68巷1~30號,26.83,住,,,1080117,土地2建物1車位0,四層,五層,公寓(5樓含以下無電梯),住家用,鋼筋混凝土造,0701218,115.15,3,2,2,有,無,15500000,134607,,0.0,0,,RPOOMLLKMHOFFEA57CA
北投區,房地(土地+建物),臺北市北投區天母西路117巷31~60號,9.23,住,,,1080224,土地1建物1車位0,二層,七層,套房(1房1廳1衛),住家用,鋼筋混凝土造,0970818,36.089999999999996,0,0,1,無,有,7000000,193960,,0.0,0,,RPUNMLTKMHOFFEA88CA
大安區,房地(土地+建物),臺北市大安區羅斯福路三段333巷1~30號,67.5,商,,,1080112,土地5建物1車位0,三層，陽台,四層,公寓(5樓含以下無電梯),住家用,鋼筋混凝土造,,160.72,6,2,5,有,無,30980000,192758,,0.0,0,含增建或未登記建物。;,RPWNMLQLLHOFFFA88CA
大安區,房地(土地+建物),臺北市大安區潮州街151~180號,25.38,住,,,1080126,土地1建物1車位0,五層,七層,華廈(10層含以下有電梯),住家用,鋼筋混凝土造,,135.62,3,2,2,有,無,32820000,242000,,0.0,0,,RPQOMLSLLHOFFFA58CA
大安區,車位,臺北市大安區市民大道四段121~150號,0.05,住,,,1080307,土地0建物0車位2,一層,十層,其他,見其他登記事項,鋼筋混凝土造,0950828,9.709999999999999,0,0,0,有,有,2600000,,塔式車位,0.0,2600000,,RPPNMLTLLHOFFFA48CA
大安區,房地(土地+建物),臺北市大安區四維路61~90號,33.5,住,,,1080226,土地1建物1車位0,三層,四層,公寓(5樓含以下無電梯),住家用,鋼筋混凝土造,,82.75,3,2,1,有,無,17200000,207855,,0.0,0,,RPTNMLMJMHOFFFA08CA
文山區,房地(土地+建物),臺北市文山區興隆路四段109巷32弄1~30號,34.56,住,,,1080105,土地1建物1車位0,二層,七層,華廈(10層含以下有電梯),住家用,鋼筋混凝土造,0840110,117.17,3,2,2,有,有,16880000,144064,,0.0,0,含增建或未登記建物。,RPRNMLRLLHOFFAA08DA
文山區,房地(土地+建物),臺北市文山區木新路二段218巷1~30號,21.38,住,,,1080131,土地2建物1車位0,二層,五層,公寓(5樓含以下無電梯),住家用,鋼筋混凝土造,,76.77,3,2,1,有,無,9850000,128305,,0.0,0,含增建或未登記建物。,RPVOMLLJMHOFFAA87DA
文山區,房地(土地+建物)+車位,臺北市文山區興隆路二段203巷91~120號,32.06,住,,,1080304,土地1建物1車位1,二層,七層,華廈(10層含以下有電梯),住家用,鋼筋混凝土造,1021223,140.41,3,2,2,有,有,18980000,135176,升降機械,13.03,0,,RPOOMLPKMHOFFAA67DA
大安區,房地(土地+建物)+車位,臺北市大安區潮州街48巷3弄1~30號,44.39,住,,,1080218,土地1建物1車位1,六層，七層,七層,華廈(10層含以下有電梯),住家用,鋼筋混凝土造,1040327,202.3,4,2,2,有,有,62500000,320393,升降機械,15.03,2500000,含增建或未登記建物。,RPVNMLMJMHOFFFA38DA
內湖區,房地(土地+建物),臺北市內湖區成功路四段30巷1~30號,14.54,商,,,1080118,土地1建物1車位0,六層,十層,華廈(10層含以下有電梯),商業用,鋼筋混凝土造,0830701,113.69000000000001,4,2,2,有,有,21500000,189111,,0.0,0,含增建或未登記建物。,RPQQMLQLLHOFFCA38DA
中山區,車位,臺北市中山區基湖路112巷31~60號,0.13,住,,,1080311,土地0建物0車位1,,,其他,,,,44.9,0,0,0,有,有,2200000,,坡道平面,44.9,2200000,單獨車位交易。;,RPWOMLQLLHOFFCA78DA
信義區,房地(土地+建物),臺北市信義區虎林街232巷1~30號,45.0,住,,,1071201,土地2建物1車位0,一層,四層,公寓(5樓含以下無電梯),住家用,鋼筋混凝土造,,77.34,4,2,2,有,無,17500000,226274,,0.0,0,含增建或未登記建物。,RPSOMLRLLHOFFDA58DA
內湖區,房地(土地+建物),臺北市內湖區康樂街91~120號,23.46,住,,,1080201,土地1建物1車位0,二層,五層,公寓(5樓含以下無電梯),住家用,鋼筋混凝土造,0731022,78.31,3,1,1,有,無,12000000,153237,,0.0,0,,RPRNMLRLLHOFFCA28DA
松山區,房地(土地+建物),臺北市松山區三民路136巷31~60號,10.58,住,,,1080318,土地1建物1車位0,六層,六層,華廈(10層含以下有電梯),住家用,鋼筋混凝土造,0610805,42.12,2,1,1,有,無,9400000,223172,,0.0,0,,RPPNMLOKMHOFFDA87DA
松山區,房地(土地+建物),臺北市松山區三民路136巷31~60號,13.72,住,,,1080316,土地1建物1車位0,六層,六層,華廈(10層含以下有電梯),住家用,鋼筋混凝土造,0610805,52.53,2,1,1,有,無,11680000,222349,,0.0,0,,RPQNMLOKMHOFFDA97DA
北投區,房地(土地+建物)+車位,臺北市北投區文林北路75巷31~60號,47.73,住,,,1080130,土地1建物1車位1,三層,十三層,住宅大樓(11層含以上有電梯),見其他登記事項,鋼筋混凝土造,1061117,191.3,3,2,2,有,有,23300000,140960,坡道平面,43.74,2500000,,RPQNMLKMLHOFFEA77DA
北投區,房地(土地+建物),臺北市北投區泉源路31~60號,15.44,住,,,1080228,土地1建物1車位0,十三層,十三層,套房(1房1廳1衛),住家用,鋼筋混凝土造,0890615,50.11,1,1,1,有,有,6950000,138695,,0.0,0,含增建或未登記建物。,RPWPMLQLLHOFFEA09DA
士林區,房地(土地+建物)+車位,臺北市士林區中山北路六段1~30號,52.37,住,,,1080201,土地1建物1車位3,三層,八層,華廈(10層含以下有電梯),住家用,鋼筋混凝土造,0961218,305.14,4,2,2,有,有,62000000,240086,升降平面,71.89,6000000,含增建或未登記建物。;,RPXPMLQLLHOFFEA56DA
士林區,房地(土地+建物),臺北市士林區德行西路31~60號,9.05,工,,,1080220,土地3建物1車位0,四層,十三層,套房(1房1廳1衛),見其他登記事項,鋼筋混凝土造,0970502,46.04,1,1,1,有,有,12100000,262815,,0.0,0,含增建或未登記建物。,RPOPMLRLLHOFFEA38DA
北投區,房地(土地+建物),臺北市北投區中和街493巷7弄1~30號,37.05,住,,,1080224,土地3建物1車位0,四層,四層,公寓(5樓含以下無電梯),住家用,鋼筋混凝土造,0671003,114.04,3,2,2,有,無,8500000,74535,,0.0,0,含增建或未登記建物。,RPSPMLRLLHOFFEA78DA
北投區,房地(土地+建物)+車位,臺北市北投區大業路361~390號,19.78,住,,,1080305,土地1建物1車位1,七層,十四層,住宅大樓(11層含以上有電梯),住家用,鋼筋混凝土造,0901101,160.57,3,2,2,有,有,23580000,172914,坡道平面,38.66,2500000,含增建或未登記建物。,RPWPMLRLLHOFFEA56DA
士林區,土地,中洲段871~900地號,53.39,其他,,,1080205,土地2建物0車位0,,,其他,,,,0.0,0,0,0,有,無,2800000,52444,,0.0,0,包含公共設施保留地之交易。;,RPROMLMJMHOFFEA97DA
中山區,房地(土地+建物),臺北市中山區新生北路二段60巷31~60號,11.45,商,,,1080129,土地1建物1車位0,五層,六層,套房(1房1廳1衛),商業用,鋼筋混凝土造,0860628,56.17,1,1,1,有,無,9350000,166459,,0.0,0,含增建或未登記建物。;,RPRRMLTLLHOFFCA88DA
中山區,房地(土地+建物),臺北市中山區雙城街19巷1~30號,3.57,商,,,1080228,土地2建物1車位0,三層,十四層,套房(1房1廳1衛),住家用,鋼筋混凝土造,0970312,34.620000000000005,1,1,1,有,有,7000000,202195,,0.0,0,含增建或未登記建物。,RPOPMLLJMHOFFCA47DA
內湖區,房地(土地+建物)+車位,臺北市內湖區內湖路一段661~690號,18.43,其他,,,1080224,土地1建物1車位1,十七層,十八層,住宅大樓(11層含以上有電梯),住家用,見其他登記事項,0991123,171.43,2,2,2,有,有,35580000,251082,坡道平面,39.68,2500000,,RPVNMLOJMHOFFCA28DA
信義區,房地(土地+建物),臺北市信義區永吉路30巷148弄1~30號,39.24,住,,,1080215,土地1建物1車位0,一層，平台，停車場,四層,公寓(5樓含以下無電梯),住家用,鋼筋混凝土造,0651230,112.21,4,3,2,有,無,31000000,276268,,0.0,0,含增建或未登記建物。;,RPSNMLSLLHOFFDA58DA
信義區,房地(土地+建物),臺北市信義區信安街151~180號,12.22,住,,,1080222,土地1建物1車位0,十一層,十二層,住宅大樓(11層含以上有電梯),住家用,鋼筋混凝土造,0720712,112.79,3,2,2,有,有,21880000,193989,,0.0,0,含增建或未登記建物。,RPQOMLLJMHOFFDA67DA
大同區,房地(土地+建物),臺北市大同區南京西路18巷1~30號,29.33,商,,,1080201,土地2建物1車位0,四層,四層,公寓(5樓含以下無電梯),,鋼筋混凝土造,,84.55,4,4,2,有,無,16200000,191603,,0.0,0,含增建或未登記建物。,RPWNMLSLLHOFFBA78DA
大安區,房地(土地+建物),臺北市大安區安和路二段61~90號,6.65,住,,,1080309,土地1建物1車位0,二層,十五層,住宅大樓(11層含以上有電梯),商業用,鋼筋混凝土造,,65.08,2,1,1,有,有,14535300,223345,,0.0,0,,RPVNMLTLLHOFFFA56DA
文山區,房地(土地+建物),臺北市文山區興隆路四段96巷3弄1~30號,29.25,住,,,1080226,土地1建物1車位0,二層,四層,公寓(5樓含以下無電梯),住家用,鋼筋混凝土造,,94.88,3,2,1,有,無,11500000,121206,,0.0,0,,RPPOMLTJMHOFFAA08DA
文山區,房地(土地+建物),臺北市文山區和興路44巷1弄1~30號,39.81,住,,,1080131,土地1建物1車位0,四層,五層,公寓(5樓含以下無電梯),住家用,鋼筋混凝土造,0720809,113.26,3,2,2,有,無,12700000,112131,,0.0,0,含增建或未登記建物。,RPRNMLSJMHOFFAA08DA
大安區,房地(土地+建物)+車位,臺北市大安區和平東路一段91~120號,37.58,商,,,1080312,土地1建物1車位2,十層,三十八層,住宅大樓(11層含以上有電梯),住家用,見其他登記事項,1031224,575.01,2,2,5,有,有,215000000,373907,坡道平面,61.38,0,,RPROMLKKMHOFFFA87CA
大安區,房地(土地+建物),臺北市大安區信義路三段111巷1~30號,24.93,商,,,1080212,土地2建物1車位0,四層,四層,公寓(5樓含以下無電梯),住家用,加強磚造,0590113,64.97,2,0,2,有,無,17280000,265969,,0.0,0,含增建或未登記建物。;,RPSOMLQLLHOFFFA58CA
士林區,土地,芝山段一小段211~240地號,42.0,住,,,1080129,土地2建物0車位0,,,其他,,,,0.0,0,0,0,有,無,7000000,166667,,0.0,0,瑕疵物件之交易。;土地係為持分且無法單獨建築,RPPPMLMLMHOFFEA97CA
北投區,土地,大業段四小段481~510地號,18.3,其他,,,1080305,土地1建物0車位0,,,其他,,,,0.0,0,0,0,有,無,1000000,54645,,0.0,0,,RPPOMLOLMHOFFEA08CA
北投區,房地(土地+建物),臺北市北投區西安街一段165巷7弄1~30號,36.25,住,,,1080221,土地1建物1車位0,二層,四層,公寓(5樓含以下無電梯),住家用,鋼筋混凝土造,0631031,101.85,2,2,1,有,無,15650000,153657,,0.0,0,,RPQOMLRKMHOFFEA38CA
士林區,房地(土地+建物),臺北市士林區中社路一段11巷31~60號,172.67,住,,,1080222,土地1建物1車位0,一層,一層,其他,住家用,鋼筋混凝土造,0640801,103.75,4,2,2,有,無,11700000,112771,,0.0,0,,RPURMLQKMHOFFEA98CA
北投區,房地(土地+建物)+車位,臺北市北投區光明路151巷1~30號,21.79,商,,,1071230,土地1建物1車位1,二十六層,二十七層,住宅大樓(11層含以上有電梯),住家用,鋼筋混凝土造,1030530,277.72,4,2,3,有,有,47800000,172116,坡道平面,41.24,0,,RPSNMLMJMHOFFEA87CA
北投區,房地(土地+建物),臺北市北投區大業路601~630號,79.0,商,,,1071226,土地1建物1車位0,全,二層,透天厝,住家用,加強磚造,0570119,135.5,2,1,2,有,無,16880000,124576,,0.0,0,親友、員工或其他特殊關係間之交易。;,RPOPMLSLLHOFFEA38CA
北投區,房地(土地+建物),臺北市北投區自強街121~150號,29.0,其他,,,1080214,土地1建物1車位0,二層,二層,公寓(5樓含以下無電梯),商業用,鋼筋混凝土造,0640326,43.46,0,0,0,無,無,8500000,195582,,0.0,0,,RPVPMLRLLHOFFEA98CA
士林區,房地(土地+建物),臺北市士林區文昌路154巷1~30號,75.0,住,,,1080222,土地1建物1車位0,全,,透天厝,住家用,加強磚造,0560926,100.7,2,1,2,有,無,25500000,253227,,0.0,0,,RPTNMLTJMHOFFEA68CA
北投區,房地(土地+建物)+車位,臺北市北投區自強街31巷5弄1~30號,42.57,住,,,1071202,土地2建物1車位1,五層,五層,公寓(5樓含以下無電梯),住家用,鋼筋混凝土造,0771228,142.09,3,2,2,有,無,14680000,103315,坡道平面,0.0,0,含增建或未登記建物。;,RPTNMLRLLHOFFEA58CA
北投區,房地(土地+建物),臺北市北投區石牌路一段61~90號,29.19,商,,,1080304,土地1建物1車位0,二層,七層,華廈(10層含以下有電梯),住家用,鋼筋混凝土造,0731212,153.87,3,2,2,有,有,26000000,168963,,0.0,0,含增建或未登記建物。;,RPUNMLRLLHOFFEA68CA
北投區,房地(土地+建物),臺北市北投區榮華二路19巷6弄1~30號,45.31,住,,,1080201,土地1建物1車位0,二層，陽台,四層,公寓(5樓含以下無電梯),住家用,鋼筋混凝土造,0641003,119.2,4,2,2,有,無,18500000,155201,,0.0,0,含增建或未登記建物。;,RPVNMLRLLHOFFEA78CA
士林區,房地(土地+建物)+車位,臺北市士林區忠誠路二段1~30號,20.63,住,,,1080304,土地3建物1車位1,三層,十四層,住宅大樓(11層含以上有電梯),住家用,鋼筋混凝土造,0751231,257.19,3,2,2,有,有,60880000,236712,坡道平面,0.0,0,含增建或未登記建物。;,RPWOMLQLLHOFFEA88CA
北投區,房地(土地+建物)+車位,臺北市北投區三合街二段421~450號,16.51,住,,,1080214,土地1建物1車位1,六層，五層,十八層,住宅大樓(11層含以上有電梯),住家用,鋼筋混凝土造,0870714,78.09,2,1,1,有,有,11500000,147266,坡道機械,16.29,0,含增建或未登記建物。依仲介公司提供之資料登錄,RPROMLQLLHOFFEA38CA
信義區,房地(土地+建物),臺北市信義區和平東路三段435巷1~30號,28.41,住,,,1080307,土地1建物1車位0,五層,五層,公寓(5樓含以下無電梯),住家用,鋼筋混凝土造,0680818,118.28,3,2,1,有,無,15310000,129439,,0.0,0,,RPQNMLLMLHOFFDA67CA
松山區,房地(土地+建物)+車位,臺北市松山區八德路三段91~120號,13.07,商,,,1080219,土地1建物1車位1,八層,十二層,住宅大樓(11層含以上有電梯),住家用,見其他登記事項,0920627,151.62,3,2,2,有,有,30800000,259524,升降平面,43.73,2800000,,RPQOMLSJMHOFFDA28CA
信義區,房地(土地+建物),臺北市信義區吳興街583巷9弄1~30號,30.0,住,,,1080105,土地1建物1車位0,全,三層,透天厝,住家用,加強磚造,0610301,89.1,4,2,3,有,無,12760000,143210,,0.0,0,含增建或未登記建物。;,RPVPMLLKMHOFFDA28CA
信義區,房地(土地+建物),臺北市信義區仁愛路四段452巷1~30號,19.79,住,,,1080216,土地1建物1車位0,五層,七層,華廈(10層含以下有電梯),住家用,鋼筋混凝土造,,103.61,2,2,2,有,無,28200000,272175,,0.0,0,,RPROMLMKMHOFFDA87CA
南港區,房地(土地+建物)+車位,臺北市南港區重陽路125巷31~60號,50.89,住,,,1080131,土地1建物1車位1,七層,九層,華廈(10層含以下有電梯),住家用,鋼筋混凝土造,0951214,245.14,4,2,2,有,有,40000000,163172,坡道平面,0.0,0,,RPSPMLRKMHOFFDA58CA
南港區,車位,臺北市南港區東明街31~60號,1.1,住,,,1080301,土地0建物0車位1,地下三層,十三層,其他,停車空間,鋼筋混凝土造,0971110,41.94,0,0,0,有,有,1680000,,坡道平面,41.94,1680000,,RPSPMLKKMHOFFDA87CA
南港區,車位,臺北市南港區東明街31~60號,1.1,住,,,1080301,土地0建物0車位1,地下三層,十三層,其他,停車空間,鋼筋混凝土造,0971110,41.94,0,0,0,有,有,1680000,,坡道平面,41.94,1680000,,SPSPMLKKMHOFFDA97CA
松山區,房地(土地+建物),臺北市松山區民生東路三段127巷1~30號,0.49,住,,,1080227,土地1建物1車位0,二層,七層,華廈(10層含以下有電梯),住家用,鋼筋混凝土造,0680326,22.200000000000003,3,2,2,有,無,275000,12387,,0.0,0,親友、員工或其他特殊關係間之交易。;部分房地持分之交易。,RPQOMLTJMHOFFDA38CA
南港區,車位,臺北市南港區東明街31~60號,1.1,住,,,1080216,土地0建物0車位1,地下三層,十三層,其他,停車空間,鋼筋混凝土造,0971110,41.94,0,0,0,有,有,1680000,,坡道平面,41.94,1680000,,RPRQMLTJMHOFFDA68CA
松山區,房地(土地+建物)+車位,臺北市松山區光復北路181~210號,55.43,住,,,1080115,土地1建物1車位1,四層，五層,十七層,住宅大樓(11層含以上有電梯),住家用,鋼筋混凝土造,0770419,222.82,4,2,2,有,有,48480000,217575,坡道平面,0.0,0,含增建或未登記建物。;,RPTNMLRLLHOFFDA48CA
南港區,房地(土地+建物),臺北市南港區忠孝東路六段421~450號,29.0,工,,,1080118,土地1建物1車位0,四層,四層,其他,見使用執照,鋼筋混凝土造,0650911,79.92,0,0,0,無,無,10800000,135135,,0.0,0,,RPUNMLRLLHOFFDA58CA
信義區,房地(土地+建物),臺北市信義區福德街232巷6弄1~30號,37.75,住,,,1080214,土地1建物1車位0,四層，陽台,四層,公寓(5樓含以下無電梯),住家用,鋼筋混凝土造,,84.05,3,2,1,有,無,11850000,140988,,0.0,0,含增建或未登記建物。;,RPROMLRLLHOFFDA38CA
松山區,房地(土地+建物),臺北市松山區八德路四段207巷1~30號,18.44,住,,,1080226,土地1建物1車位0,二層,五層,華廈(10層含以下有電梯),見其他登記事項,鋼筋混凝土造,1070302,69.1,2,1,1,有,無,18500000,267728,,0.0,0,,RPTOMLRLLHOFFDA58CA
南港區,房地(土地+建物),臺北市南港區忠孝東路六段271~300號,8.61,工,,,1080226,土地1建物1車位0,十一層,十二層,其他,見其他登記事項,鋼筋混凝土造,0960123,38.28,1,1,1,有,有,7800000,203762,,0.0,0,含增建或未登記建物。;,RPVOMLRLLHOFFDA78CA
松山區,房地(土地+建物),臺北市松山區民生東路五段121~150號,19.73,商,,,1080217,土地1建物1車位0,十一層,十二層,住宅大樓(11層含以上有電梯),住家用,鋼筋混凝土造,0690521,149.02999999999997,3,2,2,有,有,31000000,208012,,0.0,0,,RPVOMLTLLHOFFDA98CA
松山區,房地(土地+建物)+車位,臺北市松山區南京東路四段91~120號,36.99,商,,,1080129,土地2建物1車位2,十五層,十五層,住宅大樓(11層含以上有電梯),住家用,鋼骨鋼筋混凝土造,0990831,481.24,3,2,4,有,有,120000000,249356,坡道平面,87.54,0,含增建或未登記建物。;,RPWOMLQLLHOFFDA78CA
內湖區,房地(土地+建物),臺北市內湖區成功路二段312巷31~60號,34.76,住,,,1080131,土地1建物1車位0,五層,五層,公寓(5樓含以下無電梯),住家用,鋼筋混凝土造,0740614,107.08,3,2,2,有,無,14100000,131677,,0.0,0,含增建或未登記建物。;,RPXQMLLKMHOFFCA48CA
內湖區,房地(土地+建物)+車位,臺北市內湖區瑞光路601~630號,186.94,其他,,,1080117,土地1建物2車位12,八層,十層,廠辦,工業用,鋼筋混凝土造,0930105,1584.18,0,0,0,無,有,238000000,150235,坡道平面,485.28,0,,RPTNMLMLMHOFFCA97CA
內湖區,房地(土地+建物)+車位,臺北市內湖區康樂街131巷1~30號,57.0,住,,,1080118,土地1建物1車位2,六層,九層,華廈(10層含以下有電梯),見其他登記事項,鋼筋混凝土造,1070720,295.52,4,2,2,有,無,39200000,158337,坡道平面,69.42,3400000,雨遮不計價,RPUQMLMKMHOFFCA28CA
中山區,房地(土地+建物)+車位,臺北市中山區八德路二段301~330號,19.7,商,,,1060707,土地1建物1車位1,三層,十三層,住宅大樓(11層含以上有電梯),見其他登記事項,鋼筋混凝土造,1071129,139.94,2,2,2,有,有,33600000,307894,坡道平面,40.88,3100000,買賣價為預售屋價格,RPWQMLMKMHOFFCA48CA
中山區,房地(土地+建物)+車位,臺北市中山區八德路二段301~330號,35.37,商,,,1061115,土地1建物1車位1,六層,十三層,住宅大樓(11層含以上有電梯),住家用,鋼筋混凝土造,1071129,219.4,3,2,2,有,有,53480000,284450,坡道平面,40.88,2700000,買賣價為預售屋價格,RPORMLMKMHOFFCA77CA
中山區,房地(土地+建物)+車位,臺北市中山區八德路二段301~330號,33.62,商,,,1061002,土地1建物1車位2,四層,十三層,住宅大樓(11層含以上有電梯),住家用,鋼筋混凝土造,1071129,245.07999999999998,3,2,2,有,有,51980000,276919,坡道平面,76.15,5200000,買賣價為預售屋價格,RPRRMLMKMHOFFCA08CA
中山區,房地(土地+建物)+車位,臺北市中山區八德路二段301~330號,32.31,商,,,1060713,土地1建物1車位1,三層,十三層,住宅大樓(11層含以上有電梯),見其他登記事項,鋼筋混凝土造,1071129,203.92000000000002,3,2,2,有,有,52750000,304526,坡道平面,40.88,3100000,買賣價為預售屋價格,RPSRMLMKMHOFFCA18CA
中山區,車位,臺北市中山區八德路二段301~330號,0.15,商,,,1080315,土地0建物0車位1,,,其他,,,,40.88,0,0,0,有,有,3000000,,坡道平面,40.88,3000000,,RPTRMLMKMHOFFCA28CA
中山區,土地,長安段四小段1~30地號,3.07,商,,,1080128,土地1建物0車位0,,,其他,,,,0.0,0,0,0,有,無,936046,304901,,0.0,0,建商與地主合建案。;,RPVPMLTJMHOFFCA88CA
中山區,土地,長安段四小段1~30地號,3.03,商,,,1080128,土地1建物0車位0,,,其他,,,,0.0,0,0,0,有,無,923967,304940,,0.0,0,建商與地主合建案。;,RPXPMLTJMHOFFCA09CA
中山區,土地,長安段四小段1~30地號,3.07,商,,,1080128,土地2建物0車位0,,,其他,,,,0.0,0,0,0,有,無,936045,304901,,0.0,0,建商與地主合建案。;,RPPQMLTJMHOFFCA38CA
中山區,土地,長安段四小段1~30地號,0.31,商,,,1080214,土地1建物0車位0,,,其他,,,,0.0,0,0,0,有,無,179624,0,,0.0,0,建商與地主合建案。;,RPWOMLTJMHOFFCA88CA
內湖區,房地(土地+建物)+車位,臺北市內湖區文湖街21巷91弄1~30號,22.63,住,,,1080103,土地1建物1車位1,九層,十層,華廈(10層含以下有電梯),住家用,鋼筋混凝土造,1070105,105.46000000000001,2,1,1,有,有,24125000,228760,升降機械,0.0,0,,RPWQMLLJMHOFFCA28CA
內湖區,房地(土地+建物),臺北市內湖區瑞光路211~240號,34.35,住,,,1080226,土地1建物1車位0,二層,七層,華廈(10層含以下有電梯),住家用,鋼筋混凝土造,0730214,104.27,3,2,2,有,有,16800000,161120,,0.0,0,"有車位編號之戶外地上汽車停車位,無建物產權,約定專用",RPORMLLJMHOFFCA57CA
內湖區,車位,臺北市內湖區民權東路六段121~150號,0.0,商,,,1080311,土地0建物0車位1,一層,十四層,其他,商業用,鋼筋混凝土造,0980106,37.470000000000006,0,0,0,有,無,2350000,,坡道平面,37.47,2350000,,RPQNMLLMLHOFFCA57CA
內湖區,房地(土地+建物)+車位,臺北市內湖區文湖街21巷91弄1~30號,22.6,住,,,1071217,土地1建物1車位1,十層,十層,華廈(10層含以下有電梯),住家用,鋼筋混凝土造,1070105,105.35,2,1,1,有,有,24998000,237285,升降機械,0.0,0,,RPSQMLLJMHOFFCA87CA
內湖區,房地(土地+建物)+車位,臺北市內湖區文湖街21巷91弄1~30號,22.6,住,,,1080103,土地1建物1車位1,九層,十層,華廈(10層含以下有電梯),住家用,鋼筋混凝土造,1070105,105.35,2,1,1,有,無,24102000,228780,升降機械,0.0,0,,RPUQMLLJMHOFFCA08CA
中山區,房地(土地+建物),臺北市中山區中山北路二段59巷31~60號,1.92,商,,,1080319,土地1建物1車位0,九層,十六層,套房(1房1廳1衛),住家用,鋼筋混凝土造,0880928,15.98,1,1,1,有,有,3300000,206508,,0.0,0,親友、員工或其他特殊關係間之交易。;,RPTOMLMJMHOFFCA87CA
內湖區,房地(土地+建物),臺北市內湖區新湖一路271~300號,1416.22,其他,,,1080131,土地2建物5車位0,三層,五層,廠辦,見其他登記事項,鋼筋混凝土造,0950829,5262.74,0,0,1,無,無,621680000,118129,,0.0,0,,RPSNMLNJMHOFFCA77CA
中山區,土地,長安段四小段1~30地號,1.72,商,,,1080125,土地1建物0車位0,,,其他,,,,0.0,0,0,0,有,無,1003412,583379,,0.0,0,建商與地主合建案。;,RPUPMLSJMHOFFCA68CA
中山區,土地,長安段四小段1~30地號,1.82,商,,,1080125,土地1建物0車位0,,,其他,,,,0.0,0,0,0,有,無,1065350,585357,,0.0,0,建商與地主合建案。;,RPWPMLSJMHOFFCA88CA
中山區,土地,長安段四小段1~30地號,11.55,商,,,1080125,土地1建物0車位0,,,其他,,,,0.0,0,0,0,有,無,6751348,584532,,0.0,0,建商與地主合建案。;,RPXPMLSJMHOFFCA98CA
中山區,房地(土地+建物),臺北市中山區新生北路三段61~90號,5.81,住,,,1080228,土地4建物1車位0,六層,九層,套房(1房1廳1衛),住家用,鋼筋混凝土造,0650907,40.45,2,1,1,有,有,7100000,175525,,0.0,0,含增建或未登記建物。;,RPQQMLSJMHOFFCA38CA
中山區,房地(土地+建物)+車位,臺北市中山區敬業一路1~30號,54.04,商,,,1071116,土地1建物1車位2,二層,十層,華廈(10層含以下有電梯),商業用,鋼筋混凝土造,0931005,268.78000000000003,3,2,2,有,有,60000000,223231,坡道平面,87.72,0,親友、員工或其他特殊關係間之交易。;,RPWPMLSLLHOFFCA98CA
內湖區,房地(土地+建物)+車位,臺北市內湖區內湖路二段331~360號,32.5,住,,,1080304,土地1建物1車位1,九層,十四層,住宅大樓(11層含以上有電梯),住家用,鋼筋混凝土造,1031023,208.24,3,2,2,有,有,37600000,225551,坡道平面,41.56,2966,"本案標的為標購,車位之土地持分為2/10000",RPSOMLRLLHOFFCA38CA
中山區,房地(土地+建物),臺北市中山區民權東路三段61~90號,29.31,商,,,1071220,土地1建物1車位0,十二層，十三層,十九層,住宅大樓(11層含以上有電梯),住家用,鋼筋混凝土造,0751125,268.90999999999997,5,2,3,有,有,64000000,238007,,0.0,0,含增建或未登記建物。;,RPUOMLRLLHOFFCA58CA
內湖區,房地(土地+建物)+車位,臺北市內湖區民權東路六段180巷42弄31~60號,63.25,住,,,1080112,土地1建物1車位2,九層,十二層,住宅大樓(11層含以上有電梯),住家用,鋼筋混凝土造,1040728,308.89,4,2,3,有,有,51850000,207212,坡道平面,78.45,4100000,,RPPNMLSLLHOFFCA08CA
中山區,房地(土地+建物),臺北市中山區林森北路107巷1~30號,8.34,商,,,1080220,土地1建物2車位0,七層,八層,華廈(10層含以下有電梯),住家用,鋼筋混凝土造,0711115,54.2,2,2,2,有,有,7000000,129151,,0.0,0,親友、員工或其他特殊關係間之交易。;,RPVQMLQLLHOFFCA78CA
大同區,房地(土地+建物),臺北市大同區承德路三段151~180號,10.75,商,,,1080307,土地2建物1車位0,七層,十三層,住宅大樓(11層含以上有電梯),住家用,鋼筋混凝土造,0951016,73.83,2,1,1,有,無,14580000,197481,,0.0,0,,RPTOMLQKMHOFFBA28CA
中正區,房地(土地+建物),臺北市中正區北平西路1~30號,7.26,其他,,,1080105,土地1建物1車位0,五層,十一層,住宅大樓(11層含以上有電梯),商業用,鋼筋混凝土造,0690710,70.46000000000001,2,1,1,有,有,10550000,149730,,0.0,0,,RPWNMLOLMHOFFBA38CA
大同區,房地(土地+建物),臺北市大同區南京西路412巷1~30號,34.31,商,,,1080131,土地2建物2車位0,三層,五層,公寓(5樓含以下無電梯),商業用,鋼筋混凝土造,0800413,143.74,3,2,1,有,無,12000000,83484,,0.0,0,親友、員工或其他特殊關係間之交易。;,RPXNMLPLMHOFFBA58CA
萬華區,土地,華江段三小段451~480地號,89.0,其他,,,1080226,土地1建物0車位0,,,其他,,,,0.0,0,0,0,有,無,44740300,502700,,0.0,0,向政府機關承購之案件。;,RPQOMLLKMHOFFBA47CA
中正區,房地(土地+建物),臺北市中正區北平東路1~30號,8.75,其他,,,1080217,土地1建物1車位0,二層,六層,華廈(10層含以下有電梯),住商用,鋼筋混凝土造,0680828,68.75,2,1,1,有,無,12000000,174545,,0.0,0,,RPWOMLTLLHOFFBA88CA
萬華區,房地(土地+建物),臺北市萬華區開封街二段61~90號,7.06,商,,,1051225,土地1建物1車位0,三層,十二層,住宅大樓(11層含以上有電梯),住家用,鋼筋混凝土造,1070911,66.88,1,1,1,有,有,10000000,149522,,0.0,0,,RPRUMLLJMHOFFBA08CA
大同區,車位,臺北市大同區迪化街一段331~360號,0.23,其他,,,1071227,土地0建物0車位1,,,其他,,,,29.17,0,0,0,有,無,2800000,,坡道平面,29.17,2800000,單獨車位交易。;,RPOPMLLJMHOFFBA27CA
萬華區,房地(土地+建物)+車位,臺北市萬華區貴陽街二段31~60號,16.09,商,,,1080304,土地1建物1車位1,九層,十九層,住宅大樓(11層含以上有電梯),見其他登記事項,鋼筋混凝土造,1061127,216.26,4,2,2,有,有,47630000,238495,坡道平面,27.87,2700000,,RPPNMLRLLHOFFBA87CA
萬華區,房地(土地+建物),臺北市萬華區東園街73巷1~30號,7.74,住,,,1080307,土地1建物1車位0,五層,五層,公寓(5樓含以下無電梯),住家用,鋼筋混凝土造,0660728,70.98,2,2,1,有,無,2050000,28881,,0.0,0,親友、員工或其他特殊關係間之交易。;二等親買賣,RPPOMLRLLHOFFBA97CA
中正區,房地(土地+建物),臺北市中正區南昌路一段61~90號,4.28,商,,,1070307,土地2建物1車位0,三層,十五層,套房(1房1廳1衛),見其他登記事項,鋼筋混凝土造,1071217,45.28,1,1,1,有,有,14000000,309187,,0.0,0,本案為預售屋買賣,RPWNMLSKMHOFFAA58CA
中正區,房地(土地+建物),臺北市中正區?m門街61~90號,9.27,商,,,1080117,土地2建物1車位0,七層,十二層,住宅大樓(11層含以上有電梯),見其他登記事項,鋼筋混凝土造,1071023,78.03,2,2,1,有,無,17240000,220941,,0.0,0,,RPTNMLMLMHOFFAA77CA
文山區,房地(土地+建物)+車位,臺北市文山區景華街181~210號,24.79,住,,,1080313,土地1建物1車位1,五層,十七層,住宅大樓(11層含以上有電梯),見其他登記事項,鋼骨鋼筋混凝土造,1050930,215.14999999999998,3,2,2,有,有,38150000,209031,坡道平面,41.97,1950000,車位價款195萬含土地款1209000房屋款741000,RPWNMLRLLHOFFAA48CA
文山區,土地,萬芳段二小段151~180地號,21401.93,住,,,1071220,土地25建物0車位0,,,其他,,,,0.0,0,0,0,有,無,1380000000,64480,,0.0,0,本買賣契約與108年士古字002420號之買賣契約有並存聯立關係,RPXNMLTJMHOFFAA68CA
文山區,土地,萬芳段二小段151~180地號,7921.0,住,,,1071220,土地8建物0車位0,,,其他,,,,0.0,0,0,0,有,無,1084000000,136851,,0.0,0,1.買賣標的含建照價款7990萬元2.本買賣契約與108年士古字002410號之買賣契約有並存聯立關係,RPOOMLTJMHOFFAA87CA
中正區,房地(土地+建物),臺北市中正區中華路二段441巷2弄1~30號,35.5,住,,,1080311,土地1建物1車位0,二層,四層,公寓(5樓含以下無電梯),住家用,鋼筋混凝土造,0610201,76.22,3,2,1,有,無,10300000,135135,,0.0,0,,RPQOMLQLLHOFFAA87CA
文山區,房地(土地+建物),臺北市文山區景興路153巷1~30號,37.0,住,,,1080110,土地1建物1車位0,二層,五層,公寓(5樓含以下無電梯),住家用,鋼筋混凝土造,0730123,139.04000000000002,4,2,2,有,無,8000000,57537,,0.0,0,親友、員工或其他特殊關係間之交易。;,RPQNMLRLLHOFFAA87CA
文山區,房地(土地+建物)+車位,臺北市文山區樟新街1~30號,47.03,住,,,1080221,土地1建物1車位4,五層,九層,華廈(10層含以下有電梯),住家用,鋼筋混凝土造,1030815,352.24,3,2,2,有,有,38000000,148936,坡道平面,117.24,3000000,車位價格無法拆分,RPSNMLTLLHOFFAA28CA
文山區,房地(土地+建物),臺北市文山區木柵路一段59巷11弄1~30號,38.96,住,,,1080211,土地2建物1車位0,二層,五層,公寓(5樓含以下無電梯),住家用,鋼筋混凝土造,0701223,119.92999999999999,3,2,2,有,無,13350000,111315,,0.0,0,,RPVNMLLJMHOFFAA67CA
